CustomerID,Gender,Age,Food ,Income,Education,Entartainment,Others
1,Male,19,25.4,15,29.9,55.3,39
2,Male,21,27.6,15,32.1,59.7,81
3,Female,20,26.8,16,31.6,,6
4,Female,23,30.1,16,34.9,65,77
5,Female,31,39.2,17,44.3,83.5,40
6,Female,22,29.3,17,34.4,63.7,76
7,Female,35,43.9,18,49.3,93.2,6
8,Female,23,,18,36.1,66.8,94
9,Third gender,23,30.7,18,36.1,66.8,100
10,Third gender,64,76.1,19,81.8,157.9,3
11,Third gender,30,38.7,19,44.4,83.1,72
12,Third gender,67,79.4,19,85.1,164.5,14
13,Third gender,35,44.2,19,,94.1,99
14,Third gender,58,69.8,20,75.8,145.6,15
15,Third gender,24,32.4,20,38.4,70.8,77
16,Third gender,37,46.7,20,52.7,99.4,13
17,Third gender,22,30.2,20,36.2,66.4,79
18,Third gender,35,44.8,21,51.1,95.9,
19,Third gender,20,28.3,21,34.6,62.9,66
20,Third gender,52,64.1,23,71,135.1,29
21,Third gender,35,45.4,23,52.3,97.7,98
22,Male,35,45.7,24,52.9,98.6,35
23,Male,25,34.7,24,41.9,76.6,73
24,Female,46,58.1,25,65.6,123.7,5
25,Male,31,41.6,25,49.1,90.7,73
26,Female,54,67.8,28,76.2,144,14
27,Male,29,40.3,28,48.7,89,82
28,Female,45,57.9,28,66.3,124.2,32
29,Male,35,46.9,28,55.3,102.2,61
30,Female,40,52.7,29,61.4,114.1,31
31,Female,23,34,29,42.7,76.7,87
32,Male,60,75,30,84,159,4
33,Female,21,32.1,30,41.1,73.2,73
34,Male,53,,33,78.1,146.3,4
35,Male,18,29.7,33,39.6,,92
36,Female,49,63.8,33,73.7,137.5,14
37,Female,21,33,33,42.9,75.9,81
38,Female,42,56.4,34,66.6,123,17
39,Female,30,43.2,34,53.4,96.6,73
40,Female,36,50.7,37,61.8,112.5,26
41,Female,20,33.1,37,44.2,77.3,75
42,Female,65,82.9,38,94.3,177.2,35
43,Male,24,37.8,38,49.2,87,92
44,Male,48,64.5,39,76.2,140.7,36
45,Female,31,45.8,39,57.5,103.3,61
46,Female,49,65.6,39,77.3,142.9,28
47,Female,,38.1,39,49.8,87.9,65
48,Female,50,67,40,79,146,55
49,Female,27,41.7,40,53.7,95.4,47
50,Female,29,43.9,40,55.9,99.8,42
51,Female,31,46.1,40,58.1,104.2,42
52,Female,49,66.5,42,79.1,145.6,52
53,Male,33,48.9,42,61.5,110.4,60
54,Female,31,47,43,59.9,106.9,54
55,Male,59,77.8,43,90.7,,60
56,Female,50,67.9,43,80.8,148.7,45
57,Male,47,64.6,43,77.5,142.1,41
58,Female,51,69.3,44,82.5,151.8,50
59,Male,69,89.1,44,102.3,191.4,46
60,Female,27,43.5,46,57.3,100.8,51
61,Male,53,72.1,46,85.9,158,46
62,Male,70,90.8,46,104.6,195.4,56
63,Male,19,34.7,46,48.5,83.2,55
64,Female,67,87.8,47,101.9,189.7,52
65,Female,54,73.5,47,87.6,161.1,59
66,Male,63,83.7,48,98.1,181.8,51
67,Male,,34.2,48,48.6,82.8,59
68,Female,43,61.7,48,76.1,137.8,50
69,Female,68,89.2,48,103.6,192.8,48
70,Male,19,35.3,48,49.7,85,59
71,Female,32,49.6,48,64,113.6,47
72,Male,70,91.7,49,106.4,198.1,55
73,Female,47,66.4,49,81.1,147.5,42
74,Female,60,81,50,96,177,49
75,Female,60,81,50,96,177,56
76,Male,59,81.1,54,97.3,178.4,47
77,Male,26,44.8,54,61,105.8,54
78,Female,45,65.7,54,81.9,147.6,53
79,Male,40,60.2,54,76.4,136.6,48
80,Female,23,41.5,54,57.7,99.2,52
81,Female,49,70.1,54,86.3,156.4,42
82,Male,57,78.9,54,95.1,174,51
83,Male,38,58,54,74.2,132.2,55
84,Male,67,89.9,54,106.1,,41
85,Female,46,66.8,54,83,149.8,44
86,Female,21,39.3,54,55.5,94.8,57
87,Male,48,69,54,85.2,154.2,46
88,Female,55,77.6,57,94.7,172.3,58
89,Female,22,41.3,57,58.4,99.7,55
90,Female,34,54.8,58,72.2,127,60
91,Female,50,72.4,58,89.8,162.2,46
92,Female,68,92.5,59,110.2,202.7,55
93,Male,18,37.5,59,55.2,92.7,41
94,Male,48,70.8,60,88.8,159.6,49
95,Female,40,62,60,80,142,40
96,Female,32,53.2,60,71.2,124.4,42
97,Male,24,44.4,60,62.4,106.8,52
98,Female,47,69.7,60,87.7,157.4,47
99,Female,27,47.7,60,65.7,113.4,50
100,Male,48,71.1,61,89.4,160.5,42
101,Male,20,40.3,61,58.6,98.9,49
102,Female,23,43.9,62,62.5,106.4,41
103,Female,49,72.5,62,91.1,163.6,48
104,Male,67,92.3,62,110.9,203.2,59
105,Male,26,47.2,62,65.8,113,55
106,Male,49,72.5,62,91.1,163.6,56
107,Female,21,41.7,62,60.3,102,42
108,Female,66,91.5,63,110.4,201.9,50
109,Male,54,78.3,63,97.2,175.5,46
110,Male,68,93.7,63,112.6,206.3,43
111,Male,66,91.5,63,110.4,201.9,48
112,Male,65,90.4,63,109.3,199.7,52
113,Female,19,39.8,63,58.7,98.5,54
114,Female,38,61,64,80.2,141.2,42
115,Male,19,40.1,64,59.3,99.4,46
116,Female,18,39.3,65,58.8,98.1,48
117,Female,19,40.4,65,59.9,100.3,50
118,Female,63,88.8,65,108.3,197.1,43
119,Female,49,73.4,65,92.9,166.3,59
120,Female,51,76.2,67,96.3,172.5,43
121,Female,50,75.1,67,95.2,170.3,57
122,Male,27,49.8,67,69.9,119.7,56
123,Female,38,61.9,67,82,143.9,40
124,Female,40,64.7,69,85.4,150.1,58
125,Male,39,63.6,69,84.3,147.9,91
126,Female,23,46.3,70,67.3,113.6,29
127,Female,31,55.1,70,76.1,131.2,77
128,Male,43,68.6,71,89.9,158.5,35
129,Male,40,65.3,71,86.6,151.9,95
130,Male,59,86.2,71,107.5,193.7,11
131,Male,38,63.1,71,84.4,147.5,75
132,Male,47,73,71,94.3,167.3,9
133,Male,39,64.2,71,85.5,149.7,75
134,Female,25,49.1,72,70.7,119.8,34
135,Female,31,55.7,72,77.3,133,71
136,Male,20,43.9,73,65.8,109.7,5
137,Female,29,53.8,73,75.7,129.5,88
138,Female,44,70.3,73,92.2,162.5,7
139,Male,32,57.1,73,79,136.1,73
140,Male,19,43.1,74,65.3,108.4,10
141,Female,35,60.7,74,82.9,143.6,72
142,Female,57,85.2,75,107.7,192.9,5
143,Male,32,57.7,75,80.2,137.9,93
144,Female,28,53.6,76,76.4,130,40
145,Female,32,58,76,80.8,138.8,87
146,Male,25,50.6,77,73.7,124.3,12
147,Male,28,53.9,77,77,130.9,97
148,Male,48,75.9,77,99,174.9,36
149,Female,32,58.3,77,81.4,139.7,74
150,Female,34,60.8,78,84.2,145,22
151,Male,34,60.8,78,84.2,145,90
152,Male,43,70.7,78,94.1,164.8,17
153,Male,39,66.3,78,89.7,156,88
154,Female,44,71.8,78,95.2,167,20
155,Female,38,65.2,78,88.6,153.8,76
156,Female,47,75.1,78,98.5,173.6,16
157,Female,27,53.1,78,76.5,129.6,89
158,Male,37,64.1,78,87.5,151.6,1
159,Female,30,56.4,78,79.8,136.2,78
160,Male,34,60.8,78,84.2,145,1
161,Female,30,56.4,78,79.8,136.2,73
162,Female,56,85.3,79,109,194.3,35
163,Female,29,55.6,79,79.3,134.9,83
164,Male,19,45.2,81,69.5,114.7,5
165,Female,31,58.4,81,82.7,141.1,93
166,Male,50,80.5,85,106,186.5,26
167,Female,36,65.1,85,90.6,155.7,75
168,Male,42,72,86,97.8,169.8,20
169,Female,33,62.1,86,87.9,150,95
170,Female,36,65.7,87,91.8,157.5,27
171,Male,32,61.3,87,87.4,148.7,63
172,Male,40,70.1,87,96.2,166.3,13
173,Male,28,56.9,87,83,139.9,75
174,Male,36,65.7,87,91.8,157.5,10
175,Male,36,65.7,87,91.8,157.5,92
176,Female,52,83.6,88,110,193.6,13
177,Female,30,59.4,88,85.8,145.2,86
178,Male,58,90.2,88,116.6,206.8,15
179,Male,27,56.1,88,82.5,138.6,69
180,Male,59,92.8,93,120.7,213.5,14
181,Male,35,66.4,93,94.3,160.7,90
182,Female,37,69.8,97,98.9,168.7,32
183,Female,32,64.3,97,93.4,157.7,86
184,Male,46,80,98,109.4,189.4,15
185,Female,29,61.3,98,90.7,152,88
186,Female,41,74.8,99,104.5,179.3,39
187,Male,30,62.7,99,92.4,155.1,97
188,Female,54,89.7,101,120,209.7,24
189,Male,28,61.1,101,91.4,152.5,68
190,Female,41,76,103,106.9,182.9,17
191,Female,36,70.5,103,101.4,171.9,85
192,Female,34,68.3,103,99.2,167.5,23
193,Female,32,66.1,103,97,163.1,69
194,Male,33,70.2,113,104.1,174.3,8
195,Female,38,75.7,113,109.6,185.3,91
196,Female,47,87.7,120,123.7,211.4,16
197,Female,35,74.5,120,110.5,185,79
198,Female,45,87.3,126,125.1,212.4,28
199,Male,32,73,126,110.8,183.8,74
200,Male,32,76.3,137,117.4,193.7,18
201,Male,30,74.1,137,115.2,189.3,83
202,Male,37,84.1,145,119.2,196.3,84
203,Male,37,84.1,145,119.2,196.3,84
204,Male,37,84.1,145,119.2,196.3,84
205,Male,37,84.1,145,119.2,196.3,84
206,Male,37,84.1,145,119.2,196.3,84
207,Male,37,84.1,145,119.2,196.3,84
208,Male,37,84.1,145,119.2,196.3,84
209,Male,37,84.1,145,119.2,196.3,84
210,Male,37,84.1,145,119.2,196.3,84
211,Male,37,84.1,145,119.2,196.3,84
212,Male,37,84.1,145,119.2,196.3,84
213,Male,37,84.1,145,119.2,196.3,84
214,Male,37,84.1,145,119.2,196.3,84
215,Male,37,84.1,145,119.2,196.3,84
216,Male,37,84.1,145,119.2,196.3,84
217,Male,37,84.1,145,119.2,196.3,84
218,Male,37,84.1,145,119.2,196.3,84
219,Male,37,84.1,145,119.2,196.3,84
220,Male,37,84.1,145,119.2,196.3,84
221,Male,37,84.1,145,119.2,196.3,84
222,Male,37,84.1,145,119.2,196.3,84
223,Male,37,84.1,145,119.2,196.3,84
224,Male,37,84.1,145,119.2,196.3,84
225,Male,37,84.1,145,119.2,196.3,84
226,Male,37,84.1,145,119.2,196.3,84
227,Male,37,84.1,145,119.2,196.3,84
228,Male,37,84.1,145,119.2,196.3,84
229,Male,37,84.1,145,119.2,196.3,84
230,Male,37,84.1,145,119.2,196.3,84
231,Male,37,84.1,145,119.2,196.3,84
232,Male,37,84.1,145,119.2,196.3,84
233,Male,37,84.1,145,119.2,196.3,84
234,Male,37,84.1,145,119.2,196.3,84
235,Male,37,84.1,145,119.2,196.3,84
236,Male,37,84.1,145,119.2,196.3,84
237,Male,37,84.1,145,119.2,196.3,84
238,Male,37,84.1,145,119.2,196.3,84
239,Male,37,84.1,145,119.2,196.3,84
240,Male,37,84.1,145,119.2,196.3,84
241,Male,37,84.1,145,119.2,196.3,84
242,Male,37,84.1,145,119.2,196.3,84
243,Male,37,84.1,145,119.2,196.3,84
244,Male,37,84.1,145,119.2,196.3,84
245,Male,37,84.1,145,119.2,196.3,84
246,Male,37,84.1,145,119.2,196.3,84
247,Male,37,84.1,145,119.2,196.3,84
248,Male,37,84.1,145,119.2,196.3,84
249,Male,37,84.1,145,119.2,196.3,84
250,Male,37,84.1,145,119.2,196.3,84
251,Male,37,84.1,145,119.2,196.3,84
252,Male,37,84.1,145,119.2,196.3,84
253,Male,37,84.1,145,119.2,196.3,84
254,Male,37,84.1,145,119.2,196.3,84
255,Male,37,84.1,145,119.2,196.3,84
256,Male,37,84.1,145,119.2,196.3,84
257,Male,37,84.1,145,119.2,196.3,84
258,Male,37,84.1,145,119.2,196.3,84
259,Male,37,84.1,145,119.2,196.3,84
260,Male,37,84.1,145,119.2,196.3,84
261,Male,37,84.1,145,119.2,196.3,84
262,Male,37,84.1,145,119.2,196.3,84
263,Male,37,84.1,145,119.2,196.3,84
264,Male,37,84.1,145,119.2,196.3,84
265,Male,37,84.1,145,119.2,196.3,84
266,Male,37,84.1,145,119.2,196.3,84
267,Male,37,84.1,145,119.2,196.3,84
268,Male,37,84.1,145,119.2,196.3,84
269,Male,37,84.1,145,119.2,196.3,84
270,Male,37,84.1,145,119.2,196.3,84
271,Male,37,84.1,145,119.2,196.3,84
272,Male,37,84.1,145,119.2,196.3,84
273,Male,37,84.1,145,119.2,196.3,84
274,Male,37,84.1,145,119.2,196.3,84
275,Male,37,84.1,145,119.2,196.3,84
276,Male,37,84.1,145,119.2,196.3,84
277,Male,37,84.1,145,119.2,196.3,84
278,Male,37,84.1,145,119.2,196.3,84
279,Male,37,84.1,145,119.2,196.3,84
280,Male,37,84.1,145,119.2,196.3,84
281,Male,37,84.1,145,119.2,196.3,84
282,Male,37,84.1,145,119.2,196.3,84
283,Male,37,84.1,145,119.2,196.3,84
284,Male,37,84.1,145,119.2,196.3,84
285,Male,37,84.1,145,119.2,196.3,84
286,Male,37,84.1,145,119.2,196.3,84
287,Male,37,84.1,145,119.2,196.3,84
288,Male,37,84.1,145,119.2,196.3,84
289,Male,37,84.1,145,119.2,196.3,84
290,Male,37,84.1,145,119.2,196.3,84
291,Male,37,84.1,145,119.2,196.3,84
292,Male,37,84.1,145,119.2,196.3,84
293,Male,37,84.1,145,119.2,196.3,84
294,Male,37,84.1,145,119.2,196.3,84
295,Male,37,84.1,145,119.2,196.3,84
296,Male,37,84.1,145,119.2,196.3,84
297,Male,37,84.1,145,119.2,196.3,84
298,Male,37,84.1,145,119.2,196.3,84
299,Male,37,84.1,145,119.2,196.3,84
300,Male,37,84.1,145,119.2,196.3,84
301,Male,37,84.1,145,119.2,196.3,84
302,Male,37,84.1,145,119.2,196.3,84
303,Male,37,84.1,145,119.2,196.3,84
304,Male,37,84.1,145,119.2,196.3,84
305,Male,37,84.1,145,119.2,196.3,84
306,Male,37,84.1,145,119.2,196.3,84
307,Male,37,84.1,145,119.2,196.3,84
308,Male,37,84.1,145,119.2,196.3,84
309,Male,37,84.1,145,119.2,196.3,84
310,Male,37,84.1,145,119.2,196.3,84
311,Male,37,84.1,145,119.2,196.3,84
312,Male,37,84.1,145,119.2,196.3,84
313,Male,37,84.1,145,119.2,196.3,84
314,Male,37,84.1,145,119.2,196.3,84
315,Male,37,84.1,145,119.2,196.3,84
316,Male,37,84.1,145,119.2,196.3,84
317,Male,37,84.1,145,119.2,196.3,84
318,Male,37,84.1,145,119.2,196.3,84
319,Male,37,84.1,145,119.2,196.3,84
320,Male,37,84.1,145,119.2,196.3,84
321,Male,37,84.1,145,119.2,196.3,84
322,Male,37,84.1,145,119.2,196.3,84
323,Male,37,84.1,145,119.2,196.3,84
324,Male,37,84.1,145,119.2,196.3,84
325,Male,37,84.1,145,119.2,196.3,84
326,Male,37,84.1,145,119.2,196.3,84
327,Male,37,84.1,145,119.2,196.3,84
328,Male,37,84.1,145,119.2,196.3,84
329,Male,37,84.1,145,119.2,196.3,84
330,Male,37,84.1,145,119.2,196.3,84
331,Male,37,84.1,145,119.2,196.3,84
332,Male,37,84.1,145,119.2,196.3,84
333,Male,37,84.1,145,119.2,196.3,84
334,Male,37,84.1,145,119.2,196.3,84
335,Male,37,84.1,145,119.2,196.3,84
336,Male,37,84.1,145,119.2,196.3,84
337,Male,37,84.1,145,119.2,196.3,84
338,Male,37,84.1,145,119.2,196.3,84
339,Male,37,84.1,145,119.2,196.3,84
340,Male,37,84.1,145,119.2,196.3,84
341,Male,37,84.1,145,119.2,196.3,84
342,Male,37,84.1,145,119.2,196.3,84
343,Male,37,84.1,145,119.2,196.3,84
344,Male,37,84.1,145,119.2,196.3,84
345,Male,37,84.1,145,119.2,196.3,84
346,Male,37,84.1,145,119.2,196.3,84
347,Male,37,84.1,145,119.2,196.3,84
348,Male,37,84.1,145,119.2,196.3,84
349,Male,37,84.1,145,119.2,196.3,84
350,Male,37,84.1,145,119.2,196.3,84
351,Male,37,84.1,145,119.2,196.3,84
352,Male,37,84.1,145,119.2,196.3,84
353,Male,37,84.1,145,119.2,196.3,84
354,Male,37,84.1,145,119.2,196.3,84
355,Male,37,84.1,145,119.2,196.3,84
356,Male,37,84.1,145,119.2,196.3,84
357,Male,37,84.1,145,119.2,196.3,84
358,Male,37,84.1,145,119.2,196.3,84
359,Male,37,84.1,145,119.2,196.3,84
360,Male,37,84.1,145,119.2,196.3,84
361,Male,37,84.1,145,119.2,196.3,84
362,Male,37,84.1,145,119.2,196.3,84
363,Male,37,84.1,145,119.2,196.3,84
364,Male,37,84.1,145,119.2,196.3,84
365,Male,37,84.1,145,119.2,196.3,84
366,Male,37,84.1,145,119.2,196.3,84
367,Male,37,84.1,145,119.2,196.3,84
368,Male,37,84.1,145,119.2,196.3,84
369,Male,37,84.1,145,119.2,196.3,84
370,Male,37,84.1,145,119.2,196.3,84
371,Male,37,84.1,145,119.2,196.3,84
372,Male,37,84.1,145,119.2,196.3,84
373,Male,37,84.1,145,119.2,196.3,84
374,Male,37,84.1,145,119.2,196.3,84
375,Male,37,84.1,145,119.2,196.3,84
376,Male,37,84.1,145,119.2,196.3,84
377,Male,37,84.1,145,119.2,196.3,84
378,Male,37,84.1,145,119.2,196.3,84
379,Male,37,84.1,145,119.2,196.3,84
380,Male,37,84.1,145,119.2,196.3,84
381,Male,37,84.1,145,119.2,196.3,84
382,Male,37,84.1,145,119.2,196.3,84
383,Male,37,84.1,145,119.2,196.3,84
384,Male,37,84.1,145,119.2,196.3,84
385,Male,37,84.1,145,119.2,196.3,84
386,Male,37,84.1,145,119.2,196.3,84
387,Male,37,84.1,145,119.2,196.3,84
388,Male,37,84.1,145,119.2,196.3,84
389,Male,37,84.1,145,119.2,196.3,84
390,Male,37,84.1,145,119.2,196.3,84
391,Male,37,84.1,145,119.2,196.3,84
392,Male,37,84.1,145,119.2,196.3,84
393,Male,37,84.1,145,119.2,196.3,84
394,Male,37,84.1,145,119.2,196.3,84
395,Male,37,84.1,145,119.2,196.3,84
396,Male,37,84.1,145,119.2,196.3,84
397,Male,37,84.1,145,119.2,196.3,84
398,Male,37,84.1,145,119.2,196.3,84
399,Male,37,84.1,145,119.2,196.3,84
400,Male,37,84.1,145,119.2,196.3,84
401,Male,37,84.1,145,119.2,196.3,84
402,Male,37,84.1,145,119.2,196.3,84
403,Male,37,84.1,145,119.2,196.3,84
404,Male,37,84.1,145,119.2,196.3,84
405,Male,37,84.1,145,119.2,196.3,84
406,Male,37,84.1,145,119.2,196.3,84
407,Male,37,84.1,145,119.2,196.3,84
408,Male,37,84.1,145,119.2,196.3,84
409,Male,37,84.1,145,119.2,196.3,84
410,Male,37,84.1,145,119.2,196.3,84
411,Male,37,84.1,145,119.2,196.3,84
412,Male,37,84.1,145,119.2,196.3,84
413,Male,37,84.1,145,119.2,196.3,84
414,Male,37,84.1,145,119.2,196.3,84
415,Male,37,84.1,145,119.2,196.3,84
416,Male,37,84.1,145,119.2,196.3,84
417,Male,37,84.1,145,119.2,196.3,84
418,Male,37,84.1,145,119.2,196.3,84
419,Male,37,84.1,145,119.2,196.3,84
420,Male,37,84.1,145,119.2,196.3,84
421,Male,37,84.1,145,119.2,196.3,84
422,Male,37,84.1,145,119.2,196.3,84
423,Male,37,84.1,145,119.2,196.3,84
424,Male,37,84.1,145,119.2,196.3,84
425,Male,37,84.1,145,119.2,196.3,84
426,Male,37,84.1,145,119.2,196.3,84
427,Male,37,84.1,145,119.2,196.3,84
428,Male,37,84.1,145,119.2,196.3,84
429,Male,37,84.1,145,119.2,196.3,84
430,Male,37,84.1,145,119.2,196.3,84
431,Male,37,84.1,145,119.2,196.3,84
432,Male,37,84.1,145,119.2,196.3,84
433,Male,37,84.1,145,119.2,196.3,84
434,Male,37,84.1,145,119.2,196.3,84
435,Male,37,84.1,145,119.2,196.3,84
436,Male,37,84.1,145,119.2,196.3,84
437,Male,37,84.1,145,119.2,196.3,84
438,Male,37,84.1,145,119.2,196.3,84
439,Male,37,84.1,145,119.2,196.3,84
440,Male,37,84.1,145,119.2,196.3,84
441,Male,37,84.1,145,119.2,196.3,84
442,Male,37,84.1,145,119.2,196.3,84
443,Male,37,84.1,145,119.2,196.3,84
444,Male,37,84.1,145,119.2,196.3,84
445,Male,37,84.1,145,119.2,196.3,84
446,Male,37,84.1,145,119.2,196.3,84
447,Male,37,84.1,145,119.2,196.3,84
448,Male,37,84.1,145,119.2,196.3,84
449,Male,37,84.1,145,119.2,196.3,84
450,Male,37,84.1,145,119.2,196.3,84
451,Male,37,84.1,145,119.2,196.3,84
452,Male,37,84.1,145,119.2,196.3,84
453,Male,37,84.1,145,119.2,196.3,84
454,Male,37,84.1,145,119.2,196.3,84
455,Male,37,84.1,145,119.2,196.3,84
456,Male,37,84.1,145,119.2,196.3,84
457,Male,37,84.1,145,119.2,196.3,84
458,Male,37,84.1,145,119.2,196.3,84
459,Male,37,84.1,145,119.2,196.3,84
460,Male,37,84.1,145,119.2,196.3,84
461,Male,37,84.1,145,119.2,196.3,84
462,Male,37,84.1,145,119.2,196.3,84
463,Male,37,84.1,145,119.2,196.3,84
464,Male,37,84.1,145,119.2,196.3,84
465,Male,37,84.1,145,119.2,196.3,84
466,Male,37,84.1,145,119.2,196.3,84
467,Male,37,84.1,145,119.2,196.3,84
468,Male,37,84.1,145,119.2,196.3,84
469,Male,37,,145,119.2,196.3,84
470,Male,37,84.1,145,119.2,196.3,84
471,Male,37,84.1,,,196.3,84
472,Male,37,84.1,145,119.2,196.3,84
473,Male,37,84.1,145,119.2,,84
474,Male,37,84.1,145,119.2,196.3,84
475,Male,37,84.1,145,119.2,196.3,84
476,Male,37,84.1,145,119.2,196.3,84
477,Male,37,84.1,145,119.2,196.3,
478,Male,37,84.1,145,119.2,196.3,84
479,Male,37,84.1,145,119.2,196.3,84
480,Male,37,84.1,145,119.2,196.3,84
481,Male,37,84.1,145,119.2,196.3,84
482,Male,37,84.1,145,119.2,196.3,84
483,Male,37,84.1,145,119.2,196.3,84
484,Male,37,,145,119.2,196.3,84
485,Male,37,84.1,145,119.2,196.3,
486,Male,37,84.1,,119.2,196.3,84
487,Male,37,84.1,145,119.2,196.3,84
488,Male,37,84.1,145,119.2,196.3,84
489,Male,37,84.1,145,119.2,196.3,84
490,Male,37,84.1,145,119.2,196.3,84
491,Male,37,84.1,145,119.2,196.3,84
492,Male,37,84.1,145,119.2,196.3,84
493,Male,37,84.1,145,119.2,196.3,84
494,Male,37,84.1,145,119.2,196.3,84
495,Male,37,84.1,145,119.2,196.3,84
496,Male,37,84.1,145,119.2,196.3,84
497,Male,37,84.1,145,119.2,196.3,84
498,Male,37,84.1,145,119.2,196.3,84
499,Male,37,84.1,145,119.2,196.3,84
500,Male,37,84.1,145,119.2,196.3,84
501,Male,37,84.1,145,119.2,196.3,84
502,Male,37,84.1,145,119.2,196.3,84
503,Male,37,84.1,145,119.2,196.3,84
504,Male,37,84.1,145,119.2,196.3,84
505,Male,37,84.1,145,119.2,196.3,84
506,Male,37,84.1,145,119.2,196.3,84
507,Male,37,84.1,145,119.2,196.3,84
508,Male,37,84.1,145,119.2,196.3,84
509,Male,37,84.1,145,119.2,196.3,84
510,Male,37,84.1,145,119.2,196.3,84
511,Male,37,84.1,145,119.2,196.3,84
512,Male,37,84.1,145,119.2,196.3,84
513,Male,37,84.1,145,119.2,196.3,84
514,Male,37,84.1,145,119.2,196.3,84
515,Male,37,84.1,145,119.2,196.3,84
516,Male,37,84.1,145,119.2,196.3,84
517,Male,37,84.1,145,119.2,196.3,84
518,Male,37,84.1,145,119.2,196.3,84
519,Male,37,84.1,145,119.2,196.3,84
520,Male,37,84.1,145,119.2,196.3,84
521,Male,37,84.1,145,119.2,196.3,84
522,Male,37,84.1,145,119.2,196.3,84
523,Male,37,84.1,145,119.2,196.3,84
524,Male,37,84.1,145,119.2,196.3,84
525,Male,37,84.1,145,119.2,196.3,84
526,Male,37,84.1,145,119.2,196.3,84
527,Male,37,84.1,145,119.2,196.3,84
528,Male,37,84.1,145,119.2,196.3,84
529,Male,37,84.1,145,119.2,196.3,84
530,Male,37,84.1,145,119.2,196.3,84
531,Male,37,84.1,145,119.2,196.3,84
532,Male,37,84.1,145,119.2,196.3,84
533,Male,37,84.1,145,119.2,196.3,84
534,Male,37,84.1,145,119.2,196.3,84
535,Male,37,84.1,145,119.2,196.3,84
536,Male,37,84.1,145,119.2,196.3,84
537,Male,37,84.1,145,119.2,196.3,84
538,Male,37,84.1,145,119.2,196.3,84
539,Male,37,84.1,145,119.2,196.3,84
540,Male,37,84.1,145,119.2,196.3,84
541,Male,37,84.1,145,119.2,196.3,84
542,Male,37,84.1,145,119.2,196.3,84
543,Male,37,84.1,145,119.2,196.3,84
544,Male,37,84.1,145,119.2,196.3,84
545,Male,37,84.1,145,119.2,196.3,84
546,Male,37,84.1,145,119.2,196.3,84
547,Male,37,84.1,145,119.2,196.3,84
548,Male,37,84.1,145,119.2,196.3,84
549,Male,37,84.1,145,119.2,196.3,84
550,Male,37,84.1,145,119.2,196.3,84
551,Male,37,84.1,145,119.2,196.3,84
552,Male,37,84.1,145,119.2,196.3,84
553,Male,37,84.1,145,119.2,196.3,84
554,Male,37,84.1,145,119.2,196.3,84
555,Male,37,84.1,145,119.2,196.3,84
556,Male,37,84.1,145,119.2,196.3,84
557,Male,37,84.1,145,119.2,196.3,84
558,Male,37,84.1,145,119.2,196.3,84
559,Male,37,84.1,145,119.2,196.3,84
560,Male,37,84.1,145,119.2,196.3,84
561,Male,37,84.1,145,119.2,196.3,84
562,Male,37,84.1,145,119.2,196.3,84
563,Male,37,84.1,145,119.2,196.3,84
564,Male,37,84.1,145,119.2,196.3,84
565,Male,37,84.1,145,119.2,196.3,84
566,Male,37,84.1,145,119.2,196.3,84
567,Male,37,84.1,145,119.2,196.3,84
568,Male,37,84.1,145,119.2,196.3,84
569,Male,37,84.1,145,119.2,196.3,84
570,Male,37,84.1,145,119.2,196.3,84
571,Male,37,84.1,145,119.2,196.3,84
572,Male,37,84.1,145,119.2,196.3,84
573,Male,37,84.1,145,119.2,196.3,84
574,Male,37,84.1,145,119.2,196.3,84
575,Male,37,84.1,145,119.2,196.3,84
576,Male,37,84.1,145,119.2,196.3,84
577,Male,37,84.1,145,119.2,196.3,84
578,Male,37,84.1,145,119.2,196.3,84
579,Male,37,84.1,145,119.2,196.3,84
580,Male,37,84.1,145,119.2,196.3,84
581,Male,37,84.1,145,119.2,196.3,84
582,Male,37,84.1,145,119.2,196.3,84
583,Male,37,84.1,145,119.2,196.3,84
584,Male,37,84.1,145,119.2,196.3,84
585,Male,37,84.1,145,119.2,196.3,84
586,Male,37,84.1,145,119.2,196.3,84
587,Male,37,84.1,145,119.2,196.3,84
588,Male,37,84.1,145,119.2,196.3,84
589,Male,37,84.1,145,119.2,196.3,84
590,Male,37,84.1,145,119.2,196.3,84
591,Male,37,84.1,145,119.2,196.3,84
592,Male,37,84.1,145,119.2,196.3,84
593,Male,37,84.1,145,119.2,196.3,84
594,Male,37,84.1,145,119.2,196.3,84
595,Male,37,84.1,145,119.2,196.3,84
596,Male,37,84.1,145,119.2,196.3,84
597,Male,37,84.1,145,119.2,196.3,84
598,Male,37,84.1,145,119.2,196.3,84
599,Male,37,84.1,145,119.2,196.3,84
600,Male,37,84.1,145,119.2,196.3,84
601,Male,37,84.1,145,119.2,196.3,84
602,Male,37,84.1,145,119.2,196.3,84
603,Male,37,84.1,145,119.2,196.3,84
604,Male,37,84.1,145,119.2,196.3,84
605,Male,37,84.1,145,119.2,196.3,84
606,Male,37,84.1,145,119.2,196.3,84
607,Male,37,84.1,145,119.2,196.3,84
608,Male,37,84.1,145,119.2,196.3,84
609,Male,37,84.1,145,119.2,196.3,84
610,Male,37,84.1,145,119.2,196.3,84
611,Male,37,84.1,145,119.2,196.3,84
612,Male,37,84.1,145,119.2,196.3,84
613,Male,37,84.1,145,119.2,196.3,84
614,Male,37,84.1,145,119.2,196.3,84
615,Male,37,84.1,145,119.2,196.3,84
616,Male,37,84.1,145,119.2,196.3,84
617,Male,37,84.1,145,119.2,196.3,84
618,Male,37,84.1,145,119.2,196.3,84
619,Male,37,84.1,145,119.2,196.3,84
620,Male,37,84.1,145,119.2,196.3,84
621,Male,37,84.1,145,119.2,196.3,84
622,Male,37,84.1,145,119.2,196.3,84
623,Male,37,84.1,145,119.2,196.3,84
624,Male,37,84.1,145,119.2,196.3,84
625,Male,37,84.1,145,119.2,196.3,84
626,Male,37,84.1,145,119.2,196.3,84
627,Male,37,84.1,145,119.2,196.3,84
628,Male,37,84.1,145,119.2,196.3,84
629,Male,37,84.1,145,119.2,196.3,84
630,Male,37,84.1,145,119.2,196.3,84
631,Male,37,84.1,145,119.2,196.3,84
632,Male,37,84.1,145,119.2,196.3,84
633,Male,37,84.1,145,119.2,196.3,84
634,Male,37,84.1,145,119.2,196.3,84
635,Male,37,84.1,145,119.2,196.3,84
636,Male,37,84.1,145,119.2,196.3,84
637,Male,37,84.1,145,119.2,196.3,84
638,Male,37,84.1,145,119.2,196.3,84
639,Male,37,84.1,145,119.2,196.3,84
640,Male,37,84.1,145,119.2,196.3,84
641,Male,37,84.1,145,119.2,196.3,84
642,Male,37,84.1,145,119.2,196.3,84
643,Male,37,84.1,145,119.2,196.3,84
644,Male,37,84.1,145,119.2,196.3,84
645,Male,37,84.1,145,119.2,196.3,84
646,Male,37,84.1,145,119.2,196.3,84
647,Male,37,84.1,145,119.2,196.3,84
648,Male,37,84.1,145,119.2,196.3,84
649,Male,37,84.1,145,119.2,196.3,84
650,Male,37,84.1,145,119.2,196.3,84
651,Male,37,84.1,145,119.2,196.3,84
652,Male,37,84.1,145,119.2,196.3,84
653,Male,37,84.1,145,119.2,196.3,84
654,Male,37,84.1,145,119.2,196.3,84
655,Male,37,84.1,145,119.2,196.3,84
656,Male,37,84.1,145,119.2,196.3,84
657,Male,37,84.1,145,119.2,196.3,84
658,Male,37,84.1,145,119.2,196.3,84
659,Male,37,84.1,145,119.2,196.3,84
660,Male,37,84.1,145,119.2,196.3,84
661,Male,37,84.1,145,119.2,196.3,84
662,Male,37,84.1,145,119.2,196.3,84
663,Male,37,84.1,145,119.2,196.3,84
664,Male,37,84.1,145,119.2,196.3,84
665,Male,37,84.1,145,119.2,196.3,84
666,Male,37,84.1,145,119.2,196.3,84
667,Male,37,84.1,145,119.2,196.3,84
668,Male,37,84.1,145,119.2,196.3,84
669,Male,37,84.1,145,119.2,196.3,84
670,Male,37,84.1,145,119.2,196.3,84
671,Male,37,84.1,145,119.2,196.3,84
672,Male,37,84.1,145,119.2,196.3,84
673,Male,37,84.1,145,119.2,196.3,84
674,Male,37,84.1,145,119.2,196.3,84
675,Male,37,84.1,145,119.2,196.3,84
676,Male,37,84.1,145,119.2,196.3,84
677,Male,37,84.1,145,119.2,196.3,84
678,Male,37,84.1,145,119.2,196.3,84
679,Male,37,84.1,145,119.2,196.3,84
680,Male,37,84.1,145,119.2,196.3,84
681,Male,37,84.1,145,119.2,196.3,84
682,Male,37,84.1,145,119.2,196.3,84
683,Male,37,84.1,145,119.2,196.3,84
684,Male,37,84.1,145,119.2,196.3,84
685,Male,37,84.1,145,119.2,196.3,84
686,Male,37,84.1,145,119.2,196.3,84
687,Male,37,84.1,145,119.2,196.3,84
688,Male,37,84.1,145,119.2,196.3,84
689,Male,37,84.1,145,119.2,196.3,84
690,Male,37,84.1,145,119.2,196.3,84
691,Male,37,84.1,145,119.2,196.3,84
692,Male,37,84.1,145,119.2,196.3,84
693,Male,37,84.1,145,119.2,196.3,84
694,Male,37,84.1,145,119.2,196.3,84
695,Male,37,84.1,145,119.2,196.3,84
696,Male,37,84.1,145,119.2,196.3,84
697,Male,37,84.1,145,119.2,196.3,84
698,Male,37,84.1,145,119.2,196.3,84
699,Male,37,84.1,145,119.2,196.3,84
700,Male,37,84.1,145,119.2,196.3,84
701,Male,37,84.1,145,119.2,196.3,84
702,Male,37,84.1,145,119.2,196.3,84
703,Male,37,84.1,145,119.2,196.3,84
704,Male,37,84.1,145,119.2,196.3,84
705,Male,37,84.1,145,119.2,196.3,84
706,Male,37,84.1,145,119.2,196.3,84
707,Male,37,84.1,145,119.2,196.3,84
708,Male,37,84.1,145,119.2,196.3,84
709,Male,37,84.1,145,119.2,196.3,84
710,Male,37,84.1,145,119.2,196.3,84
711,Male,37,84.1,145,119.2,196.3,84
712,Male,37,84.1,145,119.2,196.3,84
713,Male,37,84.1,145,119.2,196.3,84
714,Male,37,84.1,145,119.2,196.3,84
715,Male,37,84.1,145,119.2,196.3,84
716,Male,37,84.1,145,119.2,196.3,84
717,Male,37,84.1,145,119.2,196.3,84
718,Male,37,84.1,145,119.2,196.3,84
719,Male,37,84.1,145,119.2,196.3,84
720,Male,37,84.1,145,119.2,196.3,84
721,Male,37,84.1,145,119.2,196.3,84
722,Male,37,84.1,145,119.2,196.3,84
723,Male,37,84.1,145,119.2,196.3,84
724,Male,37,84.1,145,119.2,196.3,84
725,Male,37,84.1,145,119.2,196.3,84
726,Male,37,84.1,145,119.2,196.3,84
727,Male,37,84.1,145,119.2,196.3,84
728,Male,37,84.1,145,119.2,196.3,84
729,Male,37,84.1,145,119.2,196.3,84
730,Male,37,84.1,145,119.2,196.3,84
731,Male,37,84.1,145,119.2,196.3,84
732,Male,37,84.1,145,119.2,196.3,84
733,Male,37,84.1,145,119.2,196.3,84
734,Male,37,84.1,145,119.2,196.3,84
735,Male,37,84.1,145,119.2,196.3,84
736,Male,37,84.1,145,119.2,196.3,84
737,Male,37,84.1,145,119.2,196.3,84
738,Male,37,84.1,145,119.2,196.3,84
739,Male,37,84.1,145,119.2,196.3,84
740,Male,37,84.1,145,119.2,196.3,84
741,Male,37,84.1,145,119.2,196.3,84
742,Male,37,84.1,145,119.2,196.3,84
743,Male,37,84.1,145,119.2,196.3,84
744,Male,37,84.1,145,119.2,196.3,84
745,Male,37,84.1,145,119.2,196.3,84
746,Male,37,84.1,145,119.2,196.3,84
747,Male,37,84.1,145,119.2,196.3,84
748,Male,37,84.1,145,119.2,196.3,84
749,Male,37,84.1,145,119.2,196.3,84
750,Male,37,84.1,145,119.2,196.3,84
751,Male,37,84.1,145,119.2,196.3,84
752,Male,37,84.1,145,119.2,196.3,84
753,Male,37,84.1,145,119.2,196.3,84
754,Male,37,84.1,145,119.2,196.3,84
755,Male,37,84.1,145,119.2,196.3,84
756,Male,37,84.1,145,119.2,196.3,84
757,Male,37,84.1,145,119.2,196.3,84
758,Male,37,84.1,145,119.2,196.3,84
759,Male,37,84.1,145,119.2,196.3,84
760,Male,37,84.1,145,119.2,196.3,84
761,Male,37,84.1,145,119.2,196.3,84
762,Male,37,84.1,145,119.2,196.3,84
763,Male,37,84.1,145,119.2,196.3,84
764,Male,37,84.1,145,119.2,196.3,84
765,Male,37,84.1,145,119.2,196.3,84
766,Male,37,84.1,145,119.2,196.3,84
767,Male,37,84.1,145,119.2,196.3,84
768,Male,37,84.1,145,119.2,196.3,84
769,Male,37,84.1,145,119.2,196.3,84
770,Male,37,84.1,145,119.2,196.3,84
771,Male,37,84.1,145,119.2,196.3,84
772,Male,37,84.1,145,119.2,196.3,84
773,Male,37,84.1,145,119.2,196.3,84
774,Male,37,84.1,145,119.2,196.3,84
775,Male,37,84.1,145,119.2,196.3,84
776,Male,37,84.1,145,119.2,196.3,84
777,Male,37,84.1,145,119.2,196.3,84
778,Male,37,84.1,145,119.2,196.3,84
779,Male,37,84.1,145,119.2,196.3,84
780,Male,37,84.1,145,119.2,196.3,84
781,Male,37,84.1,145,119.2,196.3,84
782,Male,37,84.1,145,119.2,196.3,84
783,Male,37,84.1,145,119.2,196.3,84
784,Male,37,84.1,145,119.2,196.3,84
785,Male,37,84.1,145,119.2,196.3,84
786,Male,37,84.1,145,119.2,196.3,84
787,Male,37,84.1,145,119.2,196.3,84
788,Male,37,84.1,145,119.2,196.3,84
789,Male,37,84.1,145,119.2,196.3,84
790,Male,37,84.1,145,119.2,196.3,84
791,Male,37,84.1,145,119.2,196.3,84
792,Male,37,84.1,145,119.2,196.3,84
793,Male,37,84.1,145,119.2,196.3,84
794,Male,37,84.1,145,119.2,196.3,84
795,Male,37,84.1,145,119.2,196.3,84
796,Male,37,84.1,145,119.2,196.3,84
797,Male,37,84.1,145,119.2,196.3,84
798,Male,37,84.1,145,119.2,196.3,84
799,Male,37,84.1,145,119.2,196.3,84
800,Male,37,84.1,145,119.2,196.3,84
801,Male,37,84.1,145,119.2,196.3,84
802,Male,37,84.1,145,119.2,196.3,84
803,Male,37,84.1,145,119.2,196.3,84
804,Male,37,84.1,145,119.2,196.3,84
805,Male,37,84.1,145,119.2,196.3,84
806,Male,37,84.1,145,119.2,196.3,84
807,Male,37,84.1,145,119.2,196.3,84
808,Male,37,84.1,145,119.2,196.3,84
809,Male,37,84.1,145,119.2,196.3,84
810,Male,37,84.1,145,119.2,196.3,84
811,Male,37,84.1,145,119.2,196.3,84
812,Male,37,84.1,145,119.2,196.3,84
813,Male,37,84.1,145,119.2,196.3,84
814,Male,37,84.1,145,119.2,196.3,84
815,Male,37,84.1,145,119.2,196.3,84
816,Male,37,84.1,145,119.2,196.3,84
817,Male,37,84.1,145,119.2,196.3,84
818,Male,37,84.1,145,119.2,196.3,84
819,Male,37,84.1,145,119.2,196.3,84
820,Male,37,84.1,145,119.2,196.3,84
821,Male,37,84.1,145,119.2,196.3,84
822,Male,37,84.1,145,119.2,196.3,84
823,Male,37,84.1,145,119.2,196.3,84
824,Male,37,84.1,145,119.2,196.3,84
825,Male,37,84.1,145,119.2,196.3,84
826,Male,37,84.1,145,119.2,196.3,84
827,Male,37,84.1,145,119.2,196.3,84
828,Male,37,84.1,145,119.2,196.3,84
829,Male,37,84.1,145,119.2,196.3,84
830,Male,37,84.1,145,119.2,196.3,84
831,Male,37,84.1,145,119.2,196.3,84
832,Male,37,84.1,145,119.2,196.3,84
833,Male,37,84.1,145,119.2,196.3,84
834,Male,37,84.1,145,119.2,196.3,84
835,Male,37,84.1,145,119.2,196.3,84
836,Male,37,84.1,145,119.2,196.3,84
837,Male,37,84.1,145,119.2,196.3,84
838,Male,37,84.1,145,119.2,196.3,84
839,Male,37,84.1,145,119.2,196.3,84
840,Male,37,84.1,145,119.2,196.3,84
841,Male,37,84.1,145,119.2,196.3,84
842,Male,37,84.1,145,119.2,196.3,84
843,Male,37,84.1,145,119.2,196.3,84
844,Male,37,84.1,145,119.2,196.3,84
845,Male,37,84.1,145,119.2,196.3,84
846,Male,37,84.1,145,119.2,196.3,84
847,Male,37,84.1,145,119.2,196.3,84
848,Male,37,84.1,145,119.2,196.3,84
849,Male,37,84.1,145,119.2,196.3,84
850,Male,37,84.1,145,119.2,196.3,84
851,Male,37,84.1,145,119.2,196.3,84
852,Male,37,84.1,145,119.2,196.3,84
853,Male,37,84.1,145,119.2,196.3,84
854,Male,37,84.1,145,119.2,196.3,84
855,Male,37,84.1,145,119.2,196.3,84
856,Male,37,84.1,145,119.2,196.3,84
857,Male,37,84.1,145,119.2,196.3,84
858,Male,37,84.1,145,119.2,196.3,84
859,Male,37,84.1,145,119.2,196.3,84
860,Male,37,84.1,145,119.2,196.3,84
861,Male,37,84.1,145,119.2,196.3,84
862,Male,37,84.1,145,119.2,196.3,84
863,Male,37,84.1,145,119.2,196.3,84
864,Male,37,84.1,145,119.2,196.3,84
865,Male,37,84.1,145,119.2,196.3,84
866,Male,37,84.1,145,119.2,196.3,84
867,Male,37,84.1,145,119.2,196.3,84
868,Male,37,84.1,145,119.2,196.3,84
869,Male,37,84.1,145,119.2,196.3,84
870,Male,37,84.1,145,119.2,196.3,84
871,Male,37,84.1,145,119.2,196.3,84
872,Male,37,84.1,145,119.2,196.3,84
873,Male,37,84.1,145,119.2,196.3,84
874,Male,37,84.1,145,119.2,196.3,84
875,Male,37,84.1,145,119.2,196.3,84
876,Male,37,84.1,145,119.2,196.3,84
877,Male,37,84.1,145,119.2,196.3,84
878,Male,37,84.1,145,119.2,196.3,84
879,Male,37,84.1,145,119.2,196.3,84
880,Male,37,84.1,145,119.2,196.3,84
881,Male,37,84.1,145,119.2,196.3,84
882,Male,37,84.1,145,119.2,196.3,84
883,Male,37,84.1,145,119.2,196.3,84
884,Male,37,84.1,145,119.2,196.3,84
885,Male,37,84.1,145,119.2,196.3,84
886,Male,37,84.1,145,119.2,196.3,84
887,Male,37,84.1,145,119.2,196.3,84
888,Male,37,84.1,145,119.2,196.3,84
889,Male,37,84.1,145,119.2,196.3,84
890,Male,37,84.1,145,119.2,196.3,84
891,Male,37,84.1,145,119.2,196.3,84
892,Male,37,84.1,145,119.2,196.3,84
893,Male,37,84.1,145,119.2,196.3,84
894,Male,37,84.1,145,119.2,196.3,84
895,Male,37,84.1,145,119.2,196.3,84
896,Male,37,84.1,145,119.2,196.3,84
897,Male,37,84.1,145,119.2,196.3,84
898,Male,37,84.1,145,119.2,196.3,84
899,Male,37,84.1,145,119.2,196.3,84
900,Male,37,84.1,145,119.2,196.3,84
901,Male,37,84.1,145,119.2,196.3,84
902,Male,37,84.1,145,119.2,196.3,84
903,Male,37,84.1,145,119.2,196.3,84
904,Male,37,84.1,145,119.2,196.3,84
905,Male,37,84.1,145,119.2,196.3,84
906,Male,37,84.1,145,119.2,196.3,84
907,Male,37,84.1,145,119.2,196.3,84
908,Male,37,84.1,145,119.2,196.3,84
909,Male,37,84.1,145,119.2,196.3,84
910,Male,37,84.1,145,119.2,196.3,84
911,Male,37,84.1,145,119.2,196.3,84
912,Male,37,84.1,145,119.2,196.3,84
913,Male,37,84.1,145,119.2,196.3,84
914,Male,37,84.1,145,119.2,196.3,84
915,Male,37,84.1,145,119.2,196.3,84
916,Male,37,84.1,145,119.2,196.3,84
917,Male,37,84.1,145,119.2,196.3,84
918,Male,37,84.1,145,119.2,196.3,84
919,Male,37,84.1,145,119.2,196.3,84
920,Male,37,84.1,145,119.2,196.3,84
921,Male,37,84.1,145,119.2,196.3,84
922,Male,37,84.1,145,119.2,196.3,84
923,Male,37,84.1,145,119.2,196.3,84
924,Male,37,84.1,145,119.2,196.3,84
925,Male,37,84.1,145,119.2,196.3,84
926,Male,37,84.1,145,119.2,196.3,84
927,Male,37,84.1,145,119.2,196.3,84
928,Male,37,84.1,145,119.2,196.3,84
929,Male,37,84.1,145,119.2,196.3,84
930,Male,37,84.1,145,119.2,196.3,84
931,Male,37,84.1,145,119.2,196.3,84
932,Male,37,84.1,145,119.2,196.3,84
933,Male,37,84.1,145,119.2,196.3,84
934,Male,37,84.1,145,119.2,196.3,84
935,Male,37,84.1,145,119.2,196.3,84
936,Male,37,84.1,145,119.2,196.3,84
937,Male,37,84.1,145,119.2,196.3,84
938,Male,37,84.1,145,119.2,196.3,84
939,Male,37,84.1,145,119.2,196.3,84
940,Male,37,84.1,145,119.2,196.3,84
941,Male,37,84.1,145,119.2,196.3,84
942,Male,37,84.1,145,119.2,196.3,84
943,Male,37,84.1,145,119.2,196.3,84
944,Male,37,84.1,145,119.2,196.3,84
945,Male,37,84.1,145,119.2,196.3,84
946,Male,37,84.1,145,119.2,196.3,84
947,Male,37,84.1,145,119.2,196.3,84
948,Male,37,84.1,145,119.2,196.3,84
949,Male,37,84.1,145,119.2,196.3,84
950,Male,37,84.1,145,119.2,196.3,84
951,Male,37,84.1,145,119.2,196.3,84
952,Male,37,84.1,145,119.2,196.3,84
953,Male,37,84.1,145,119.2,196.3,84
954,Male,37,84.1,145,119.2,196.3,84
955,Male,37,84.1,145,119.2,196.3,84
956,Male,37,84.1,145,119.2,196.3,84
957,Male,37,84.1,145,119.2,196.3,84
958,Male,37,84.1,145,119.2,196.3,84
959,Male,37,84.1,145,119.2,196.3,84
960,Male,37,84.1,145,119.2,196.3,84
961,Male,37,84.1,145,119.2,196.3,84
962,Male,37,84.1,145,119.2,196.3,84
963,Male,37,84.1,145,119.2,196.3,84
964,Male,37,84.1,145,119.2,196.3,84
965,Male,37,84.1,145,119.2,196.3,84
966,Male,37,84.1,145,119.2,196.3,84
967,Male,37,84.1,145,119.2,196.3,84
968,Male,37,84.1,145,119.2,196.3,84
969,Male,37,84.1,145,119.2,196.3,84
970,Male,37,84.1,145,119.2,196.3,84
971,Male,37,84.1,145,119.2,196.3,84
972,Male,37,84.1,145,119.2,196.3,84
973,Male,37,84.1,145,119.2,196.3,84
974,Male,37,84.1,145,119.2,196.3,84
975,Male,37,84.1,145,119.2,196.3,84
976,Male,37,84.1,145,119.2,196.3,84
977,Male,37,84.1,145,119.2,196.3,84
978,Male,37,84.1,145,119.2,196.3,84
979,Male,37,84.1,145,119.2,196.3,84
980,Male,37,84.1,145,119.2,196.3,84
981,Male,37,84.1,145,119.2,196.3,84
982,Male,37,84.1,145,119.2,196.3,84
983,Male,37,84.1,145,119.2,196.3,84
984,Male,37,84.1,145,119.2,196.3,84
985,Male,37,84.1,145,119.2,196.3,84
986,Male,37,84.1,145,119.2,196.3,84
987,Male,37,84.1,145,119.2,196.3,84
988,Male,37,84.1,145,119.2,196.3,84
989,Male,37,84.1,145,119.2,196.3,84
990,Male,37,84.1,145,119.2,196.3,84
991,Male,37,84.1,145,119.2,196.3,84
992,Male,37,84.1,145,119.2,196.3,84
993,Male,37,84.1,145,119.2,196.3,84
994,Male,37,84.1,145,119.2,196.3,84
995,Male,37,84.1,145,119.2,196.3,84
996,Male,37,84.1,145,119.2,196.3,84
997,Male,37,84.1,145,119.2,196.3,84
998,Male,37,84.1,145,119.2,196.3,84
999,Male,37,84.1,145,119.2,196.3,84
1000,Male,37,84.1,145,119.2,196.3,84
1001,Male,37,84.1,145,119.2,196.3,84
1002,Male,37,84.1,145,119.2,196.3,84
1003,Male,37,84.1,145,119.2,196.3,84
1004,Male,37,84.1,145,119.2,196.3,84
1005,Male,37,84.1,145,119.2,196.3,84
1006,Male,37,84.1,145,119.2,196.3,84
1007,Male,37,84.1,145,119.2,196.3,84
1008,Male,37,84.1,145,119.2,196.3,84
1009,Male,37,84.1,145,119.2,196.3,84
1010,Male,37,84.1,145,119.2,196.3,84
1011,Male,37,84.1,145,119.2,196.3,84
1012,Male,37,84.1,145,119.2,196.3,84
1013,Male,37,84.1,145,119.2,196.3,84
1014,Male,37,84.1,145,119.2,196.3,84
1015,Male,37,84.1,145,119.2,196.3,84
1016,Male,37,84.1,145,119.2,196.3,84
1017,Male,37,84.1,145,119.2,196.3,84
1018,Male,37,84.1,145,119.2,196.3,84
1019,Male,37,84.1,145,119.2,196.3,84
1020,Male,37,84.1,145,119.2,196.3,84
1021,Male,37,84.1,145,119.2,196.3,84
1022,Male,37,84.1,145,119.2,196.3,84
1023,Male,37,84.1,145,119.2,196.3,84
1024,Male,37,84.1,145,119.2,196.3,84
1025,Male,37,84.1,145,119.2,196.3,84
1026,Male,37,84.1,145,119.2,196.3,84
1027,Male,37,84.1,145,119.2,196.3,84
1028,Male,37,84.1,145,119.2,196.3,84
1029,Male,37,84.1,145,119.2,196.3,84
1030,Male,37,84.1,145,119.2,196.3,84
1031,Male,37,84.1,145,119.2,196.3,84
1032,Male,37,84.1,145,119.2,196.3,84
1033,Male,37,84.1,145,119.2,196.3,84
1034,Male,37,84.1,145,119.2,196.3,84
1035,Male,37,84.1,145,119.2,196.3,84
1036,Male,37,84.1,145,119.2,196.3,84
1037,Male,37,84.1,145,119.2,196.3,84
1038,Male,37,84.1,145,119.2,196.3,84
1039,Male,37,84.1,145,119.2,196.3,84
1040,Male,37,84.1,145,119.2,196.3,84
1041,Male,37,84.1,145,119.2,196.3,84
1042,Male,37,84.1,145,119.2,196.3,84
1043,Male,37,84.1,145,119.2,196.3,84
1044,Male,37,84.1,145,119.2,196.3,84
1045,Male,37,84.1,145,119.2,196.3,84
1046,Male,37,84.1,145,119.2,196.3,84
1047,Male,37,84.1,145,119.2,196.3,84
1048,Male,37,84.1,145,119.2,196.3,84
1049,Male,37,84.1,145,119.2,196.3,84
1050,Male,37,84.1,145,119.2,196.3,84
1051,Male,37,84.1,145,119.2,196.3,84
1052,Male,37,84.1,145,119.2,196.3,84
1053,Male,37,84.1,145,119.2,196.3,84
1054,Male,37,84.1,145,119.2,196.3,84
1055,Male,37,84.1,145,119.2,196.3,84
1056,Male,37,84.1,145,119.2,196.3,84
1057,Male,37,84.1,145,119.2,196.3,84
1058,Male,37,84.1,145,119.2,196.3,84
1059,Male,37,84.1,145,119.2,196.3,84
1060,Male,37,84.1,145,119.2,196.3,84
1061,Male,37,84.1,145,119.2,196.3,84
1062,Male,37,84.1,145,119.2,196.3,84
1063,Male,37,84.1,145,119.2,196.3,84
1064,Male,37,84.1,145,119.2,196.3,84
1065,Male,37,84.1,145,119.2,196.3,84
1066,Male,37,84.1,145,119.2,196.3,84
1067,Male,37,84.1,145,119.2,196.3,84
1068,Male,37,84.1,145,119.2,196.3,84
1069,Male,37,84.1,145,119.2,196.3,84
1070,Male,37,84.1,145,119.2,196.3,84
1071,Male,37,84.1,145,119.2,196.3,84
1072,Male,37,84.1,145,119.2,196.3,84
1073,Male,37,84.1,145,119.2,196.3,84
1074,Male,37,84.1,145,119.2,196.3,84
1075,Male,37,84.1,145,119.2,196.3,84
1076,Male,37,84.1,145,119.2,196.3,84
1077,Male,37,84.1,145,119.2,196.3,84
1078,Male,37,84.1,145,119.2,196.3,84
1079,Male,37,84.1,145,119.2,196.3,84
1080,Male,37,84.1,145,119.2,196.3,84
1081,Male,37,84.1,145,119.2,196.3,84
1082,Male,37,84.1,145,119.2,196.3,84
1083,Male,37,84.1,145,119.2,196.3,84
1084,Male,37,84.1,145,119.2,196.3,84
1085,Male,37,84.1,145,119.2,196.3,84
1086,Male,37,84.1,145,119.2,196.3,84
1087,Male,37,84.1,145,119.2,196.3,84
1088,Male,37,84.1,145,119.2,196.3,84
1089,Male,37,84.1,145,119.2,196.3,84
1090,Male,37,84.1,145,119.2,196.3,84
1091,Male,37,84.1,145,119.2,196.3,84
1092,Male,37,84.1,145,119.2,196.3,84
1093,Male,37,84.1,145,119.2,196.3,84
1094,Male,37,84.1,145,119.2,196.3,84
1095,Male,37,84.1,145,119.2,196.3,84
1096,Male,37,84.1,145,119.2,196.3,84
1097,Male,37,84.1,145,119.2,196.3,84
1098,Male,37,84.1,145,119.2,196.3,84
1099,Male,37,84.1,145,119.2,196.3,84
1100,Male,37,84.1,145,119.2,196.3,84
1101,Male,37,84.1,145,119.2,196.3,84
1102,Male,37,84.1,145,119.2,196.3,84
1103,Male,37,84.1,145,119.2,196.3,84
1104,Male,37,84.1,145,119.2,196.3,84
1105,Male,37,84.1,145,119.2,196.3,84
1106,Male,37,84.1,145,119.2,196.3,84
1107,Male,37,84.1,145,119.2,196.3,84
1108,Male,37,84.1,145,119.2,196.3,84
1109,Male,37,84.1,145,119.2,196.3,84
1110,Male,37,84.1,145,119.2,196.3,84
1111,Male,37,84.1,145,119.2,196.3,84
1112,Male,37,84.1,145,119.2,196.3,84
1113,Male,37,84.1,145,119.2,196.3,84
1114,Male,37,84.1,145,119.2,196.3,84
1115,Male,37,84.1,145,119.2,196.3,84
1116,Male,37,84.1,145,119.2,196.3,84
1117,Male,37,84.1,145,119.2,196.3,84
1118,Male,37,84.1,145,119.2,196.3,84
1119,Male,37,84.1,145,119.2,196.3,84
1120,Male,37,84.1,145,119.2,196.3,84
1121,Male,37,84.1,145,119.2,196.3,84
1122,Male,37,84.1,145,119.2,196.3,84
1123,Male,37,84.1,145,119.2,196.3,84
1124,Male,37,84.1,145,119.2,196.3,84
1125,Male,37,84.1,145,119.2,196.3,84
1126,Male,37,84.1,145,119.2,196.3,84
1127,Male,37,84.1,145,119.2,196.3,84
1128,Male,37,84.1,145,119.2,196.3,84
1129,Male,37,84.1,145,119.2,196.3,84
1130,Male,37,84.1,145,119.2,196.3,84
1131,Male,37,84.1,145,119.2,196.3,84
1132,Male,37,84.1,145,119.2,196.3,84
1133,Male,37,84.1,145,119.2,196.3,84
1134,Male,37,84.1,145,119.2,196.3,84
1135,Male,37,84.1,145,119.2,196.3,84
1136,Male,37,84.1,145,119.2,196.3,84
1137,Male,37,84.1,145,119.2,196.3,84
1138,Male,37,84.1,145,119.2,196.3,84
1139,Male,37,84.1,145,119.2,196.3,84
1140,Male,37,84.1,145,119.2,196.3,84
1141,Male,37,84.1,145,119.2,196.3,84
1142,Male,37,84.1,145,119.2,196.3,84
1143,Male,37,84.1,145,119.2,196.3,84
1144,Male,37,84.1,145,119.2,196.3,84
1145,Male,37,84.1,145,119.2,196.3,84
1146,Male,37,84.1,145,119.2,196.3,84
1147,Male,37,84.1,145,119.2,196.3,84
1148,Male,37,84.1,145,119.2,196.3,84
1149,Male,37,84.1,145,119.2,196.3,84
1150,Male,37,84.1,145,119.2,196.3,84
1151,Male,37,84.1,145,119.2,196.3,84
1152,Male,37,84.1,145,119.2,196.3,84
1153,Male,37,84.1,145,119.2,196.3,84
1154,Male,37,84.1,145,119.2,196.3,84
1155,Male,37,84.1,145,119.2,196.3,84
1156,Male,37,84.1,145,119.2,196.3,84
1157,Male,37,84.1,145,119.2,196.3,84
1158,Male,37,84.1,145,119.2,196.3,84
1159,Male,37,84.1,145,119.2,196.3,84
1160,Male,37,84.1,145,119.2,196.3,84
1161,Male,37,84.1,145,119.2,196.3,84
1162,Male,37,84.1,145,119.2,196.3,84
1163,Male,37,84.1,145,119.2,196.3,84
1164,Male,37,84.1,145,119.2,196.3,84
1165,Male,37,84.1,145,119.2,196.3,84
1166,Male,37,84.1,145,119.2,196.3,84
1167,Male,37,84.1,145,119.2,196.3,84
1168,Male,37,84.1,145,119.2,196.3,84
1169,Male,37,84.1,145,119.2,196.3,84
1170,Male,37,84.1,145,119.2,196.3,84
1171,Male,37,84.1,145,119.2,196.3,84
1172,Male,37,84.1,145,119.2,196.3,84
1173,Male,37,84.1,145,119.2,196.3,84
1174,Male,37,84.1,145,119.2,196.3,84
1175,Male,37,84.1,145,119.2,196.3,84
1176,Male,37,84.1,145,119.2,196.3,84
1177,Male,37,84.1,145,119.2,196.3,84
1178,Male,37,84.1,145,119.2,196.3,84
1179,Male,37,84.1,145,119.2,196.3,84
1180,Male,37,84.1,145,119.2,196.3,84
1181,Male,37,84.1,145,119.2,196.3,84
1182,Male,37,84.1,145,119.2,196.3,84
1183,Male,37,84.1,145,119.2,196.3,84
1184,Male,37,84.1,145,119.2,196.3,84
1185,Male,37,84.1,145,119.2,196.3,84
1186,Male,37,84.1,145,119.2,196.3,84
1187,Male,37,84.1,145,119.2,196.3,84
1188,Male,37,84.1,145,119.2,196.3,84
1189,Male,37,84.1,145,119.2,196.3,84
1190,Male,37,84.1,145,119.2,196.3,84
1191,Male,37,84.1,145,119.2,196.3,84
1192,Male,37,84.1,145,119.2,196.3,84
1193,Male,37,84.1,145,119.2,196.3,84
1194,Male,37,84.1,145,119.2,196.3,84
1195,Male,37,84.1,145,119.2,196.3,84
1196,Male,37,84.1,145,119.2,196.3,84
1197,Male,37,84.1,145,119.2,196.3,84
1198,Male,37,84.1,145,119.2,196.3,84
1199,Male,37,84.1,145,119.2,196.3,84
1200,Male,37,84.1,145,119.2,196.3,84
1201,Male,37,84.1,145,119.2,196.3,84
1202,Male,37,84.1,145,119.2,196.3,84
1203,Male,37,84.1,145,119.2,196.3,84
1204,Male,37,84.1,145,119.2,196.3,84
1205,Male,37,84.1,145,119.2,196.3,84
1206,Male,37,84.1,145,119.2,196.3,84
1207,Male,37,84.1,145,119.2,196.3,84
1208,Male,37,84.1,145,119.2,196.3,84
1209,Male,37,84.1,145,119.2,196.3,84
1210,Male,37,84.1,145,119.2,196.3,84
1211,Male,37,84.1,145,119.2,196.3,84
1212,Male,37,84.1,145,119.2,196.3,84
1213,Male,37,84.1,145,119.2,196.3,84
1214,Male,37,84.1,145,119.2,196.3,84
1215,Male,37,84.1,145,119.2,196.3,84
1216,Male,37,84.1,145,119.2,196.3,84
1217,Male,37,84.1,145,119.2,196.3,84
1218,Male,37,84.1,145,119.2,196.3,84
1219,Male,37,84.1,145,119.2,196.3,84
1220,Male,37,84.1,145,119.2,196.3,84
1221,Male,37,84.1,145,119.2,196.3,84
1222,Male,37,84.1,145,119.2,196.3,84
1223,Male,37,84.1,145,119.2,196.3,84
1224,Male,37,84.1,145,119.2,196.3,84
1225,Male,37,84.1,145,119.2,196.3,84
1226,Male,37,84.1,145,119.2,196.3,84
1227,Male,37,84.1,145,119.2,196.3,84
1228,Male,37,84.1,145,119.2,196.3,84
1229,Male,37,84.1,145,119.2,196.3,84
1230,Male,37,84.1,145,119.2,196.3,84
1231,Male,37,84.1,145,119.2,196.3,84
1232,Male,37,84.1,145,119.2,196.3,84
1233,Male,37,84.1,145,119.2,196.3,84
1234,Male,37,84.1,145,119.2,196.3,84
1235,Male,37,84.1,145,119.2,196.3,84
1236,Male,37,84.1,145,119.2,196.3,84
1237,Male,37,84.1,145,119.2,196.3,84
1238,Male,37,84.1,145,119.2,196.3,84
1239,Male,37,84.1,145,119.2,196.3,84
1240,Male,37,84.1,145,119.2,196.3,84
1241,Male,37,84.1,145,119.2,196.3,84
1242,Male,37,84.1,145,119.2,196.3,84
1243,Male,37,84.1,145,119.2,196.3,84
1244,Male,37,84.1,145,119.2,196.3,84
1245,Male,37,84.1,145,119.2,196.3,84
1246,Male,37,84.1,145,119.2,196.3,84
1247,Male,37,84.1,145,119.2,196.3,84
1248,Male,37,84.1,145,119.2,196.3,84
1249,Male,37,84.1,145,119.2,196.3,84
1250,Male,37,84.1,145,119.2,196.3,84
1251,Male,37,84.1,145,119.2,196.3,84
1252,Male,37,84.1,145,119.2,196.3,84
1253,Male,37,84.1,145,119.2,196.3,84
1254,Male,37,84.1,145,119.2,196.3,84
1255,Male,37,84.1,145,119.2,196.3,84
1256,Male,37,84.1,145,119.2,196.3,84
1257,Male,37,84.1,145,119.2,196.3,84
1258,Male,37,84.1,145,119.2,196.3,84
1259,Male,37,84.1,145,119.2,196.3,84
1260,Male,37,84.1,145,119.2,196.3,84
1261,Male,37,84.1,145,119.2,196.3,84
1262,Male,37,84.1,145,119.2,196.3,84
1263,Male,37,84.1,145,119.2,196.3,84
1264,Male,37,84.1,145,119.2,196.3,84
1265,Male,37,84.1,145,119.2,196.3,84
1266,Male,37,84.1,145,119.2,196.3,84
1267,Male,37,84.1,145,119.2,196.3,84
1268,Male,37,84.1,145,119.2,196.3,84
1269,Male,37,84.1,145,119.2,196.3,84
1270,Male,37,84.1,145,119.2,196.3,84
1271,Male,37,84.1,145,119.2,196.3,84
1272,Male,37,84.1,145,119.2,196.3,84
1273,Male,37,84.1,145,119.2,196.3,84
1274,Male,37,84.1,145,119.2,196.3,84
1275,Male,37,84.1,145,119.2,196.3,84
1276,Male,37,84.1,145,119.2,196.3,84
1277,Male,37,84.1,145,119.2,196.3,84
1278,Male,37,84.1,145,119.2,196.3,84
1279,Male,37,84.1,145,119.2,196.3,84
1280,Male,37,84.1,145,119.2,196.3,84
1281,Male,37,84.1,145,119.2,196.3,84
1282,Male,37,84.1,145,119.2,196.3,84
1283,Male,37,84.1,145,119.2,196.3,84
1284,Male,37,84.1,145,119.2,196.3,84
1285,Male,37,84.1,145,119.2,196.3,84
1286,Male,37,84.1,145,119.2,196.3,84
1287,Male,37,84.1,145,119.2,196.3,84
1288,Male,37,84.1,145,119.2,196.3,84
1289,Male,37,84.1,145,119.2,196.3,84
1290,Male,37,84.1,145,119.2,196.3,84
1291,Male,37,84.1,145,119.2,196.3,84
1292,Male,37,84.1,145,119.2,196.3,84
1293,Male,37,84.1,145,119.2,196.3,84
1294,Male,37,84.1,145,119.2,196.3,84
1295,Male,37,84.1,145,119.2,196.3,84
1296,Male,37,84.1,145,119.2,196.3,84
1297,Male,37,84.1,145,119.2,196.3,84
1298,Male,37,84.1,145,119.2,196.3,84
1299,Male,37,84.1,145,119.2,196.3,84
1300,Male,37,84.1,145,119.2,196.3,84
1301,Male,37,84.1,145,119.2,196.3,84
1302,Male,37,84.1,145,119.2,196.3,84
1303,Male,37,84.1,145,119.2,196.3,84
1304,Male,37,84.1,145,119.2,196.3,84
1305,Male,37,84.1,145,119.2,196.3,84
1306,Male,37,84.1,145,119.2,196.3,84
1307,Male,37,84.1,145,119.2,196.3,84
1308,Male,37,84.1,145,119.2,196.3,84
1309,Male,37,84.1,145,119.2,196.3,84
1310,Male,37,84.1,145,119.2,196.3,84
1311,Male,37,84.1,145,119.2,196.3,84
1312,Male,37,84.1,145,119.2,196.3,84
1313,Male,37,84.1,145,119.2,196.3,84
1314,Male,37,84.1,145,119.2,196.3,84
1315,Male,37,84.1,145,119.2,196.3,84
1316,Male,37,84.1,145,119.2,196.3,84
1317,Male,37,84.1,145,119.2,196.3,84
1318,Male,37,84.1,145,119.2,196.3,84
1319,Male,37,84.1,145,119.2,196.3,84
1320,Male,37,84.1,145,119.2,196.3,84
1321,Male,37,84.1,145,119.2,196.3,84
1322,Male,37,84.1,145,119.2,196.3,84
1323,Male,37,84.1,145,119.2,196.3,84
1324,Male,37,84.1,145,119.2,196.3,84
1325,Male,37,84.1,145,119.2,196.3,84
1326,Male,37,84.1,145,119.2,196.3,84
1327,Male,37,84.1,145,119.2,196.3,84
1328,Male,37,84.1,145,119.2,196.3,84
1329,Male,37,84.1,145,119.2,196.3,84
1330,Male,37,84.1,145,119.2,196.3,84
1331,Male,37,84.1,145,119.2,196.3,84
1332,Male,37,84.1,145,119.2,196.3,84
1333,Male,37,84.1,145,119.2,196.3,84
1334,Male,37,84.1,145,119.2,196.3,84
1335,Male,37,84.1,145,119.2,196.3,84
1336,Male,37,84.1,145,119.2,196.3,84
1337,Male,37,84.1,145,119.2,196.3,84
1338,Male,37,84.1,145,119.2,196.3,84
1339,Male,37,84.1,145,119.2,196.3,84
1340,Male,37,84.1,145,119.2,196.3,84
1341,Male,37,84.1,145,119.2,196.3,84
1342,Male,37,84.1,145,119.2,196.3,84
1343,Male,37,84.1,145,119.2,196.3,84
1344,Male,37,84.1,145,119.2,196.3,84
1345,Male,37,84.1,145,119.2,196.3,84
1346,Male,37,84.1,145,119.2,196.3,84
1347,Male,37,84.1,145,119.2,196.3,84
1348,Male,37,84.1,145,119.2,196.3,84
1349,Male,37,84.1,145,119.2,196.3,84
1350,Male,37,84.1,145,119.2,196.3,84
1351,Male,37,84.1,145,119.2,196.3,84
1352,Male,37,84.1,145,119.2,196.3,84
1353,Male,37,84.1,145,119.2,196.3,84
1354,Male,37,84.1,145,119.2,196.3,84
1355,Male,37,84.1,145,119.2,196.3,84
1356,Male,37,84.1,145,119.2,196.3,84
1357,Male,37,84.1,145,119.2,196.3,84
1358,Male,37,84.1,145,119.2,196.3,84
1359,Male,37,84.1,145,119.2,196.3,84
1360,Male,37,84.1,145,119.2,196.3,84
1361,Male,37,84.1,145,119.2,196.3,84
1362,Male,37,84.1,145,119.2,196.3,84
1363,Male,37,84.1,145,119.2,196.3,84
1364,Male,37,84.1,145,119.2,196.3,84
1365,Male,37,84.1,145,119.2,196.3,84
1366,Male,37,84.1,145,119.2,196.3,84
1367,Male,37,84.1,145,119.2,196.3,84
1368,Male,37,84.1,145,119.2,196.3,84
1369,Male,37,84.1,145,119.2,196.3,84
1370,Male,37,84.1,145,119.2,196.3,84
1371,Male,37,84.1,145,119.2,196.3,84
1372,Male,37,84.1,145,119.2,196.3,84
1373,Male,37,84.1,145,119.2,196.3,84
1374,Male,37,84.1,145,119.2,196.3,84
1375,Male,37,84.1,145,119.2,196.3,84
1376,Male,37,84.1,145,119.2,196.3,84
1377,Male,37,84.1,145,119.2,196.3,84
1378,Male,37,84.1,145,119.2,196.3,84
1379,Male,37,84.1,145,119.2,196.3,84
1380,Male,37,84.1,145,119.2,196.3,84
1381,Male,37,84.1,145,119.2,196.3,84
1382,Male,37,84.1,145,119.2,196.3,84
1383,Male,37,84.1,145,119.2,196.3,84
1384,Male,37,84.1,145,119.2,196.3,84
1385,Male,37,84.1,145,119.2,196.3,84
1386,Male,37,84.1,145,119.2,196.3,84
1387,Male,37,84.1,145,119.2,196.3,84
1388,Male,37,84.1,145,119.2,196.3,84
1389,Male,37,84.1,145,119.2,196.3,84
1390,Male,37,84.1,145,119.2,196.3,84
1391,Male,37,84.1,145,119.2,196.3,84
1392,Male,37,84.1,145,119.2,196.3,84
1393,Male,37,84.1,145,119.2,196.3,84
1394,Male,37,84.1,145,119.2,196.3,84
1395,Male,37,84.1,145,119.2,196.3,84
1396,Male,37,84.1,145,119.2,196.3,84
1397,Male,37,84.1,145,119.2,196.3,84
1398,Male,37,84.1,145,119.2,196.3,84
1399,Male,37,84.1,145,119.2,196.3,84
1400,Male,37,84.1,145,119.2,196.3,84
1401,Male,37,84.1,145,119.2,196.3,84
1402,Male,37,84.1,145,119.2,196.3,84
1403,Male,37,84.1,145,119.2,196.3,84
1404,Male,37,84.1,145,119.2,196.3,84
1405,Male,37,84.1,145,119.2,196.3,84
1406,Male,37,84.1,145,119.2,196.3,84
1407,Male,37,84.1,145,119.2,196.3,84
1408,Male,37,84.1,145,119.2,196.3,84
1409,Male,37,84.1,145,119.2,196.3,84
1410,Male,37,84.1,145,119.2,196.3,84
1411,Male,37,84.1,145,119.2,196.3,84
1412,Male,37,84.1,145,119.2,196.3,84
1413,Male,37,84.1,145,119.2,196.3,84
1414,Male,37,84.1,145,119.2,196.3,84
1415,Male,37,84.1,145,119.2,196.3,84
1416,Male,37,84.1,145,119.2,196.3,84
1417,Male,37,84.1,145,119.2,196.3,84
1418,Male,37,84.1,145,119.2,196.3,84
1419,Male,37,84.1,145,119.2,196.3,84
1420,Male,37,84.1,145,119.2,196.3,84
1421,Male,37,84.1,145,119.2,196.3,84
1422,Male,37,84.1,145,119.2,196.3,84
1423,Male,37,84.1,145,119.2,196.3,84
1424,Male,37,84.1,145,119.2,196.3,84
1425,Male,37,84.1,145,119.2,196.3,84
1426,Male,37,84.1,145,119.2,196.3,84
1427,Male,37,84.1,145,119.2,196.3,84
1428,Male,37,84.1,145,119.2,196.3,84
1429,Male,37,84.1,145,119.2,196.3,84
1430,Male,37,84.1,145,119.2,196.3,84
1431,Male,37,84.1,145,119.2,196.3,84
1432,Male,37,84.1,145,119.2,196.3,84
1433,Male,37,84.1,145,119.2,196.3,84
1434,Male,37,84.1,145,119.2,196.3,84
1435,Male,37,84.1,145,119.2,196.3,84
1436,Male,37,84.1,145,119.2,196.3,84
1437,Male,37,84.1,145,119.2,196.3,84
1438,Male,37,84.1,145,119.2,196.3,84
1439,Male,37,84.1,145,119.2,196.3,84
1440,Male,37,84.1,145,119.2,196.3,84
1441,Male,37,84.1,145,119.2,196.3,84
1442,Male,37,84.1,145,119.2,196.3,84
1443,Male,37,84.1,145,119.2,196.3,84
1444,Male,37,84.1,145,119.2,196.3,84
1445,Male,37,84.1,145,119.2,196.3,84
1446,Male,37,84.1,145,119.2,196.3,84
1447,Male,37,84.1,145,119.2,196.3,84
1448,Male,37,84.1,145,119.2,196.3,84
1449,Male,37,84.1,145,119.2,196.3,84
1450,Male,37,84.1,145,119.2,196.3,84
1451,Male,37,84.1,145,119.2,196.3,84
1452,Male,37,84.1,145,119.2,196.3,84
1453,Male,37,84.1,145,119.2,196.3,84
1454,Male,37,84.1,145,119.2,196.3,84
1455,Male,37,84.1,145,119.2,196.3,84
1456,Male,37,84.1,145,119.2,196.3,84
1457,Male,37,84.1,145,119.2,196.3,84
1458,Male,37,84.1,145,119.2,196.3,84
1459,Male,37,84.1,145,119.2,196.3,84
1460,Male,37,84.1,145,119.2,196.3,84
1461,Male,37,84.1,145,119.2,196.3,84
1462,Male,37,84.1,145,119.2,196.3,84
1463,Male,37,84.1,145,119.2,196.3,84
1464,Male,37,84.1,145,119.2,196.3,84
1465,Male,37,84.1,145,119.2,196.3,84
1466,Male,37,84.1,145,119.2,196.3,84
1467,Male,37,84.1,145,119.2,196.3,84
1468,Male,37,84.1,145,119.2,196.3,84
1469,Male,37,84.1,145,119.2,196.3,84
1470,Male,37,84.1,145,119.2,196.3,84
1471,Male,37,84.1,145,119.2,196.3,84
1472,Male,37,84.1,145,119.2,196.3,84
1473,Male,37,84.1,145,119.2,196.3,84
1474,Male,37,84.1,145,119.2,196.3,84
1475,Male,37,84.1,145,119.2,196.3,84
1476,Male,37,84.1,145,119.2,196.3,84
1477,Male,37,84.1,145,119.2,196.3,84
1478,Male,37,84.1,145,119.2,196.3,84
1479,Male,37,84.1,145,119.2,196.3,84
1480,Male,37,84.1,145,119.2,196.3,84
1481,Male,37,84.1,145,119.2,196.3,84
1482,Male,37,84.1,145,119.2,196.3,84
1483,Male,37,84.1,145,119.2,196.3,84
1484,Male,37,84.1,145,119.2,196.3,84
1485,Male,37,84.1,145,119.2,196.3,84
1486,Male,37,84.1,145,119.2,196.3,84
1487,Male,37,84.1,145,119.2,196.3,84
1488,Male,37,84.1,145,119.2,196.3,84
1489,Male,37,84.1,145,119.2,196.3,84
1490,Male,37,84.1,145,119.2,196.3,84
1491,Male,37,84.1,145,119.2,196.3,84
1492,Male,37,84.1,145,119.2,196.3,84
1493,Male,37,84.1,145,119.2,196.3,84
1494,Male,37,84.1,145,119.2,196.3,84
1495,Male,37,84.1,145,119.2,196.3,84
1496,Male,37,84.1,145,119.2,196.3,84
1497,Male,37,84.1,145,119.2,196.3,84
1498,Male,37,84.1,145,119.2,196.3,84
1499,Male,37,84.1,145,119.2,196.3,84
1500,Male,37,84.1,145,119.2,196.3,84
1501,Male,37,84.1,145,119.2,196.3,84
1502,Male,37,84.1,145,119.2,196.3,84
1503,Male,37,84.1,145,119.2,196.3,84
1504,Male,37,84.1,145,119.2,196.3,84
1505,Male,37,84.1,145,119.2,196.3,84
1506,Male,37,84.1,145,119.2,196.3,84
1507,Male,37,84.1,145,119.2,196.3,84
1508,Male,37,84.1,145,119.2,196.3,84
1509,Male,37,84.1,145,119.2,196.3,84
1510,Male,37,84.1,145,119.2,196.3,84
1511,Male,37,84.1,145,119.2,196.3,84
1512,Male,37,84.1,145,119.2,196.3,84
1513,Male,37,84.1,145,119.2,196.3,84
1514,Male,37,84.1,145,119.2,196.3,84
1515,Male,37,84.1,145,119.2,196.3,84
1516,Male,37,84.1,145,119.2,196.3,84
1517,Male,37,84.1,145,119.2,196.3,84
1518,Male,37,84.1,145,119.2,196.3,84
1519,Male,37,84.1,145,119.2,196.3,84
1520,Male,37,84.1,145,119.2,196.3,84
1521,Male,37,84.1,145,119.2,196.3,84
1522,Male,37,84.1,145,119.2,196.3,84
1523,Male,37,84.1,145,119.2,196.3,84
1524,Male,37,84.1,145,119.2,196.3,84
1525,Male,37,84.1,145,119.2,196.3,84
1526,Male,37,84.1,145,119.2,196.3,84
1527,Male,37,84.1,145,119.2,196.3,84
1528,Male,37,84.1,145,119.2,196.3,84
1529,Male,37,84.1,145,119.2,196.3,84
1530,Male,37,84.1,145,119.2,196.3,84
1531,Male,37,84.1,145,119.2,196.3,84
1532,Male,37,84.1,145,119.2,196.3,84
1533,Male,37,84.1,145,119.2,196.3,84
1534,Male,37,84.1,145,119.2,196.3,84
1535,Male,37,84.1,145,119.2,196.3,84
1536,Male,37,84.1,145,119.2,196.3,84
1537,Male,37,84.1,145,119.2,196.3,84
1538,Male,37,84.1,145,119.2,196.3,84
1539,Male,37,84.1,145,119.2,196.3,84
1540,Male,37,84.1,145,119.2,196.3,84
1541,Male,37,84.1,145,119.2,196.3,84
1542,Male,37,84.1,145,119.2,196.3,84
1543,Male,37,84.1,145,119.2,196.3,84
1544,Male,37,84.1,145,119.2,196.3,84
1545,Male,37,84.1,145,119.2,196.3,84
1546,Male,37,84.1,145,119.2,196.3,84
1547,Male,37,84.1,145,119.2,196.3,84
1548,Male,37,84.1,145,119.2,196.3,84
1549,Male,37,84.1,145,119.2,196.3,84
1550,Male,37,84.1,145,119.2,196.3,84
1551,Male,37,84.1,145,119.2,196.3,84
1552,Male,37,84.1,145,119.2,196.3,84
1553,Male,37,84.1,145,119.2,196.3,84
1554,Male,37,84.1,145,119.2,196.3,84
1555,Male,37,84.1,145,119.2,196.3,84
1556,Male,37,84.1,145,119.2,196.3,84
1557,Male,37,84.1,145,119.2,196.3,84
1558,Male,37,84.1,145,119.2,196.3,84
1559,Male,37,84.1,145,119.2,196.3,84
1560,Male,37,84.1,145,119.2,196.3,84
1561,Male,37,84.1,145,119.2,196.3,84
1562,Male,37,84.1,145,119.2,196.3,84
1563,Male,37,84.1,145,119.2,196.3,84
1564,Male,37,84.1,145,119.2,196.3,84
1565,Male,37,84.1,145,119.2,196.3,84
1566,Male,37,84.1,145,119.2,196.3,84
1567,Male,37,84.1,145,119.2,196.3,84
1568,Male,37,84.1,145,119.2,196.3,84
1569,Male,37,84.1,145,119.2,196.3,84
1570,Male,37,84.1,145,119.2,196.3,84
1571,Male,37,84.1,145,119.2,196.3,84
1572,Male,37,84.1,145,119.2,196.3,84
1573,Male,37,84.1,145,119.2,196.3,84
1574,Male,37,84.1,145,119.2,196.3,84
1575,Male,37,84.1,145,119.2,196.3,84
1576,Male,37,84.1,145,119.2,196.3,84
1577,Male,37,84.1,145,119.2,196.3,84
1578,Male,37,84.1,145,119.2,196.3,84
1579,Male,37,84.1,145,119.2,196.3,84
1580,Male,37,84.1,145,119.2,196.3,84
1581,Male,37,84.1,145,119.2,196.3,84
1582,Male,37,84.1,145,119.2,196.3,84
1583,Male,37,84.1,145,119.2,196.3,84
1584,Male,37,84.1,145,119.2,196.3,84
1585,Male,37,84.1,145,119.2,196.3,84
1586,Male,37,84.1,145,119.2,196.3,84
1587,Male,37,84.1,145,119.2,196.3,84
1588,Male,37,84.1,145,119.2,196.3,84
1589,Male,37,84.1,145,119.2,196.3,84
1590,Male,37,84.1,145,119.2,196.3,84
1591,Male,37,84.1,145,119.2,196.3,84
1592,Male,37,84.1,145,119.2,196.3,84
1593,Male,37,84.1,145,119.2,196.3,84
1594,Male,37,84.1,145,119.2,196.3,84
1595,Male,37,84.1,145,119.2,196.3,84
1596,Male,37,84.1,145,119.2,196.3,84
1597,Male,37,84.1,145,119.2,196.3,84
1598,Male,37,84.1,145,119.2,196.3,84
1599,Male,37,84.1,145,119.2,196.3,84
1600,Male,37,84.1,145,119.2,196.3,84
1601,Male,37,84.1,145,119.2,196.3,84
1602,Male,37,84.1,145,119.2,196.3,84
1603,Male,37,84.1,145,119.2,196.3,84
1604,Male,37,84.1,145,119.2,196.3,84
1605,Male,37,84.1,145,119.2,196.3,84
1606,Male,37,84.1,145,119.2,196.3,84
1607,Male,37,84.1,145,119.2,196.3,84
1608,Male,37,84.1,145,119.2,196.3,84
1609,Male,37,84.1,145,119.2,196.3,84
1610,Male,37,84.1,145,119.2,196.3,84
1611,Male,37,84.1,145,119.2,196.3,84
1612,Male,37,84.1,145,119.2,196.3,84
1613,Male,37,84.1,145,119.2,196.3,84
1614,Male,37,84.1,145,119.2,196.3,84
1615,Male,37,84.1,145,119.2,196.3,84
1616,Male,37,84.1,145,119.2,196.3,84
1617,Male,37,84.1,145,119.2,196.3,84
1618,Male,37,84.1,145,119.2,196.3,84
1619,Male,37,84.1,145,119.2,196.3,84
1620,Male,37,84.1,145,119.2,196.3,84
1621,Male,37,84.1,145,119.2,196.3,84
1622,Male,37,84.1,145,119.2,196.3,84
1623,Male,37,84.1,145,119.2,196.3,84
1624,Male,37,84.1,145,119.2,196.3,84
1625,Male,37,84.1,145,119.2,196.3,84
1626,Male,37,84.1,145,119.2,196.3,84
1627,Male,37,84.1,145,119.2,196.3,84
1628,Male,37,84.1,145,119.2,196.3,84
1629,Male,37,84.1,145,119.2,196.3,84
1630,Male,37,84.1,145,119.2,196.3,84
1631,Male,37,84.1,145,119.2,196.3,84
1632,Male,37,84.1,145,119.2,196.3,84
1633,Male,37,84.1,145,119.2,196.3,84
1634,Male,37,84.1,145,119.2,196.3,84
1635,Male,37,84.1,145,119.2,196.3,84
1636,Male,37,84.1,145,119.2,196.3,84
1637,Male,37,84.1,145,119.2,196.3,84
1638,Male,37,84.1,145,119.2,196.3,84
1639,Male,37,84.1,145,119.2,196.3,84
1640,Male,37,84.1,145,119.2,196.3,84
1641,Male,37,84.1,145,119.2,196.3,84
1642,Male,37,84.1,145,119.2,196.3,84
1643,Male,37,84.1,145,119.2,196.3,84
1644,Male,37,84.1,145,119.2,196.3,84
1645,Male,37,84.1,145,119.2,196.3,84
1646,Male,37,84.1,145,119.2,196.3,84
1647,Male,37,84.1,145,119.2,196.3,84
1648,Male,37,84.1,145,119.2,196.3,84
1649,Male,37,84.1,145,119.2,196.3,84
1650,Male,37,84.1,145,119.2,196.3,84
1651,Male,37,84.1,145,119.2,196.3,84
1652,Male,37,84.1,145,119.2,196.3,84
1653,Male,37,84.1,145,119.2,196.3,84
1654,Male,37,84.1,145,119.2,196.3,84
1655,Male,37,84.1,145,119.2,196.3,84
1656,Male,37,84.1,145,119.2,196.3,84
1657,Male,37,84.1,145,119.2,196.3,84
1658,Male,37,84.1,145,119.2,196.3,84
1659,Male,37,84.1,145,119.2,196.3,84
1660,Male,37,84.1,145,119.2,196.3,84
1661,Male,37,84.1,145,119.2,196.3,84
1662,Male,37,84.1,145,119.2,196.3,84
1663,Male,37,84.1,145,119.2,196.3,84
1664,Male,37,84.1,145,119.2,196.3,84
1665,Male,37,84.1,145,119.2,196.3,84
1666,Male,37,84.1,145,119.2,196.3,84
1667,Male,37,84.1,145,119.2,196.3,84
1668,Male,37,84.1,145,119.2,196.3,84
1669,Male,37,84.1,145,119.2,196.3,84
1670,Male,37,84.1,145,119.2,196.3,84
1671,Male,37,84.1,145,119.2,196.3,84
1672,Male,37,84.1,145,119.2,196.3,84
1673,Male,37,84.1,145,119.2,196.3,84
1674,Male,37,84.1,145,119.2,196.3,84
1675,Male,37,84.1,145,119.2,196.3,84
1676,Male,37,84.1,145,119.2,196.3,84
1677,Male,37,84.1,145,119.2,196.3,84
1678,Male,37,84.1,145,119.2,196.3,84
1679,Male,37,84.1,145,119.2,196.3,84
1680,Male,37,84.1,145,119.2,196.3,84
1681,Male,37,84.1,145,119.2,196.3,84
1682,Male,37,84.1,145,119.2,196.3,84
1683,Male,37,84.1,145,119.2,196.3,84
1684,Male,37,84.1,145,119.2,196.3,84
1685,Male,37,84.1,145,119.2,196.3,84
1686,Male,37,84.1,145,119.2,196.3,84
1687,Male,37,84.1,145,119.2,196.3,84
1688,Male,37,84.1,145,119.2,196.3,84
1689,Male,37,84.1,145,119.2,196.3,84
1690,Male,37,84.1,145,119.2,196.3,84
1691,Male,37,84.1,145,119.2,196.3,84
1692,Male,37,84.1,145,119.2,196.3,84
1693,Male,37,84.1,145,119.2,196.3,84
1694,Male,37,84.1,145,119.2,196.3,84
1695,Male,37,84.1,145,119.2,196.3,84
1696,Male,37,84.1,145,119.2,196.3,84
1697,Male,37,84.1,145,119.2,196.3,84
1698,Male,37,84.1,145,119.2,196.3,84
1699,Male,37,84.1,145,119.2,196.3,84
1700,Male,37,84.1,145,119.2,196.3,84
1701,Male,37,84.1,145,119.2,196.3,84
1702,Male,37,84.1,145,119.2,196.3,84
1703,Male,37,84.1,145,119.2,196.3,84
1704,Male,37,84.1,145,119.2,196.3,84
1705,Male,37,84.1,145,119.2,196.3,84
1706,Male,37,84.1,145,119.2,196.3,84
1707,Male,37,84.1,145,119.2,196.3,84
1708,Male,37,84.1,145,119.2,196.3,84
1709,Male,37,84.1,145,119.2,196.3,84
1710,Male,37,84.1,145,119.2,196.3,84
1711,Male,37,84.1,145,119.2,196.3,84
1712,Male,37,84.1,145,119.2,196.3,84
1713,Male,37,84.1,145,119.2,196.3,84
1714,Male,37,84.1,145,119.2,196.3,84
1715,Male,37,84.1,145,119.2,196.3,84
1716,Male,37,84.1,145,119.2,196.3,84
1717,Male,37,84.1,145,119.2,196.3,84
1718,Male,37,84.1,145,119.2,196.3,84
1719,Male,37,84.1,145,119.2,196.3,84
1720,Male,37,84.1,145,119.2,196.3,84
1721,Male,37,84.1,145,119.2,196.3,84
1722,Male,37,84.1,145,119.2,196.3,84
1723,Male,37,84.1,145,119.2,196.3,84
1724,Male,37,84.1,145,119.2,196.3,84
1725,Male,37,84.1,145,119.2,196.3,84
1726,Male,37,84.1,145,119.2,196.3,84
1727,Male,37,84.1,145,119.2,196.3,84
1728,Male,37,84.1,145,119.2,196.3,84
1729,Male,37,84.1,145,119.2,196.3,84
1730,Male,37,84.1,145,119.2,196.3,84
1731,Male,37,84.1,145,119.2,196.3,84
1732,Male,37,84.1,145,119.2,196.3,84
1733,Male,37,84.1,145,119.2,196.3,84
1734,Male,37,84.1,145,119.2,196.3,84
1735,Male,37,84.1,145,119.2,196.3,84
1736,Male,37,84.1,145,119.2,196.3,84
1737,Male,37,84.1,145,119.2,196.3,84
1738,Male,37,84.1,145,119.2,196.3,84
1739,Male,37,84.1,145,119.2,196.3,84
1740,Male,37,84.1,145,119.2,196.3,84
1741,Male,37,84.1,145,119.2,196.3,84
1742,Male,37,84.1,145,119.2,196.3,84
1743,Male,37,84.1,145,119.2,196.3,84
1744,Male,37,84.1,145,119.2,196.3,84
1745,Male,37,84.1,145,119.2,196.3,84
1746,Male,37,84.1,145,119.2,196.3,84
1747,Male,37,84.1,145,119.2,196.3,84
1748,Male,37,84.1,145,119.2,196.3,84
1749,Male,37,84.1,145,119.2,196.3,84
1750,Male,37,84.1,145,119.2,196.3,84
1751,Male,37,84.1,145,119.2,196.3,84
1752,Male,37,84.1,145,119.2,196.3,84
1753,Male,37,84.1,145,119.2,196.3,84
1754,Male,37,84.1,145,119.2,196.3,84
1755,Male,37,84.1,145,119.2,196.3,84
1756,Male,37,84.1,145,119.2,196.3,84
1757,Male,37,84.1,145,119.2,196.3,84
1758,Male,37,84.1,145,119.2,196.3,84
1759,Male,37,84.1,145,119.2,196.3,84
1760,Male,37,84.1,145,119.2,196.3,84
1761,Male,37,84.1,145,119.2,196.3,84
1762,Male,37,84.1,145,119.2,196.3,84
1763,Male,37,84.1,145,119.2,196.3,84
1764,Male,37,84.1,145,119.2,196.3,84
1765,Male,37,84.1,145,119.2,196.3,84
1766,Male,37,84.1,145,119.2,196.3,84
1767,Male,37,84.1,145,119.2,196.3,84
1768,Male,37,84.1,145,119.2,196.3,84
1769,Male,37,84.1,145,119.2,196.3,84
1770,Male,37,84.1,145,119.2,196.3,84
1771,Male,37,84.1,145,119.2,196.3,84
1772,Male,37,84.1,145,119.2,196.3,84
1773,Male,37,84.1,145,119.2,196.3,84
1774,Male,37,84.1,145,119.2,196.3,84
1775,Male,37,84.1,145,119.2,196.3,84
1776,Male,37,84.1,145,119.2,196.3,84
1777,Male,37,84.1,145,119.2,196.3,84
1778,Male,37,84.1,145,119.2,196.3,84
1779,Male,37,84.1,145,119.2,196.3,84
1780,Male,37,84.1,145,119.2,196.3,84
1781,Male,37,84.1,145,119.2,196.3,84
1782,Male,37,84.1,145,119.2,196.3,84
1783,Male,37,84.1,145,119.2,196.3,84
1784,Male,37,84.1,145,119.2,196.3,84
1785,Male,37,84.1,145,119.2,196.3,84
1786,Male,37,84.1,145,119.2,196.3,84
1787,Male,37,84.1,145,119.2,196.3,84
1788,Male,37,84.1,145,119.2,196.3,84
1789,Male,37,84.1,145,119.2,196.3,84
1790,Male,37,84.1,145,119.2,196.3,84
1791,Male,37,84.1,145,119.2,196.3,84
1792,Male,37,84.1,145,119.2,196.3,84
1793,Male,37,84.1,145,119.2,196.3,84
1794,Male,37,84.1,145,119.2,196.3,84
1795,Male,37,84.1,145,119.2,196.3,84
1796,Male,37,84.1,145,119.2,196.3,84
1797,Male,37,84.1,145,119.2,196.3,84
1798,Male,37,84.1,145,119.2,196.3,84
1799,Male,37,84.1,145,119.2,196.3,84
1800,Male,37,84.1,145,119.2,196.3,84
1801,Male,37,84.1,145,119.2,196.3,84
1802,Male,37,84.1,145,119.2,196.3,84
1803,Male,37,84.1,145,119.2,196.3,84
1804,Male,37,84.1,145,119.2,196.3,84
1805,Male,37,84.1,145,119.2,196.3,84
1806,Male,37,84.1,145,119.2,196.3,84
1807,Male,37,84.1,145,119.2,196.3,84
1808,Male,37,84.1,145,119.2,196.3,84
1809,Male,37,84.1,145,119.2,196.3,84
1810,Male,37,84.1,145,119.2,196.3,84
1811,Male,37,84.1,145,119.2,196.3,84
1812,Male,37,84.1,145,119.2,196.3,84
1813,Male,37,84.1,145,119.2,196.3,84
1814,Male,37,84.1,145,119.2,196.3,84
1815,Male,37,84.1,145,119.2,196.3,84
1816,Male,37,84.1,145,119.2,196.3,84
1817,Male,37,84.1,145,119.2,196.3,84
1818,Male,37,84.1,145,119.2,196.3,84
1819,Male,37,84.1,145,119.2,196.3,84
1820,Male,37,84.1,145,119.2,196.3,84
1821,Male,37,84.1,145,119.2,196.3,84
1822,Male,37,84.1,145,119.2,196.3,84
1823,Male,37,84.1,145,119.2,196.3,84
1824,Male,37,84.1,145,119.2,196.3,84
1825,Male,37,84.1,145,119.2,196.3,84
1826,Male,37,84.1,145,119.2,196.3,84
1827,Male,37,84.1,145,119.2,196.3,84
1828,Male,37,84.1,145,119.2,196.3,84
1829,Male,37,84.1,145,119.2,196.3,84
1830,Male,37,84.1,145,119.2,196.3,84
1831,Male,37,84.1,145,119.2,196.3,84
1832,Male,37,84.1,145,119.2,196.3,84
1833,Male,37,84.1,145,119.2,196.3,84
1834,Male,37,84.1,145,119.2,196.3,84
1835,Male,37,84.1,145,119.2,196.3,84
1836,Male,37,84.1,145,119.2,196.3,84
1837,Male,37,84.1,145,119.2,196.3,84
1838,Male,37,84.1,145,119.2,196.3,84
1839,Male,37,84.1,145,119.2,196.3,84
1840,Male,37,84.1,145,119.2,196.3,84
1841,Male,37,84.1,145,119.2,196.3,84
1842,Male,37,84.1,145,119.2,196.3,84
1843,Male,37,84.1,145,119.2,196.3,84
1844,Male,37,84.1,145,119.2,196.3,84
1845,Male,37,84.1,145,119.2,196.3,84
1846,Male,37,84.1,145,119.2,196.3,84
1847,Male,37,84.1,145,119.2,196.3,84
1848,Male,37,84.1,145,119.2,196.3,84
1849,Male,37,84.1,145,119.2,196.3,84
1850,Male,37,84.1,145,119.2,196.3,84
1851,Male,37,84.1,145,119.2,196.3,84
1852,Male,37,84.1,145,119.2,196.3,84
1853,Male,37,84.1,145,119.2,196.3,84
1854,Male,37,84.1,145,119.2,196.3,84
1855,Male,37,84.1,145,119.2,196.3,84
1856,Male,37,84.1,145,119.2,196.3,84
1857,Male,37,84.1,145,119.2,196.3,84
1858,Male,37,84.1,145,119.2,196.3,84
1859,Male,37,84.1,145,119.2,196.3,84
1860,Male,37,84.1,145,119.2,196.3,84
1861,Male,37,84.1,145,119.2,196.3,84
1862,Male,37,84.1,145,119.2,196.3,84
1863,Male,37,84.1,145,119.2,196.3,84
1864,Male,37,84.1,145,119.2,196.3,84
1865,Male,37,84.1,145,119.2,196.3,84
1866,Male,37,84.1,145,119.2,196.3,84
1867,Male,37,84.1,145,119.2,196.3,84
1868,Male,37,84.1,145,119.2,196.3,84
1869,Male,37,84.1,145,119.2,196.3,84
1870,Male,37,84.1,145,119.2,196.3,84
1871,Male,37,84.1,145,119.2,196.3,84
1872,Male,37,84.1,145,119.2,196.3,84
1873,Male,37,84.1,145,119.2,196.3,84
1874,Male,37,84.1,145,119.2,196.3,84
1875,Male,37,84.1,145,119.2,196.3,84
1876,Male,37,84.1,145,119.2,196.3,84
1877,Male,37,84.1,145,119.2,196.3,84
1878,Male,37,84.1,145,119.2,196.3,84
1879,Male,37,84.1,145,119.2,196.3,84
1880,Male,37,84.1,145,119.2,196.3,84
1881,Male,37,84.1,145,119.2,196.3,84
1882,Male,37,84.1,145,119.2,196.3,84
1883,Male,37,84.1,145,119.2,196.3,84
1884,Male,37,84.1,145,119.2,196.3,84
1885,Male,37,84.1,145,119.2,196.3,84
1886,Male,37,84.1,145,119.2,196.3,84
1887,Male,37,84.1,145,119.2,196.3,84
1888,Male,37,84.1,145,119.2,196.3,84
1889,Male,37,84.1,145,119.2,196.3,84
1890,Male,37,84.1,145,119.2,196.3,84
1891,Male,37,84.1,145,119.2,196.3,84
1892,Male,37,84.1,145,119.2,196.3,84
1893,Male,37,84.1,145,119.2,196.3,84
1894,Male,37,84.1,145,119.2,196.3,84
1895,Male,37,84.1,145,119.2,196.3,84
1896,Male,37,84.1,145,119.2,196.3,84
1897,Male,37,84.1,145,119.2,196.3,84
1898,Male,37,84.1,145,119.2,196.3,84
1899,Male,37,84.1,145,119.2,196.3,84
1900,Male,37,84.1,145,119.2,196.3,84
1901,Male,37,84.1,145,119.2,196.3,84
1902,Male,37,84.1,145,119.2,196.3,84
1903,Male,37,84.1,145,119.2,196.3,84
1904,Male,37,84.1,145,119.2,196.3,84
1905,Male,37,84.1,145,119.2,196.3,84
1906,Male,37,84.1,145,119.2,196.3,84
1907,Male,37,84.1,145,119.2,196.3,84
1908,Male,37,84.1,145,119.2,196.3,84
1909,Male,37,84.1,145,119.2,196.3,84
1910,Male,37,84.1,145,119.2,196.3,84
1911,Male,37,84.1,145,119.2,196.3,84
1912,Male,37,84.1,145,119.2,196.3,84
1913,Male,37,84.1,145,119.2,196.3,84
1914,Male,37,84.1,145,119.2,196.3,84
1915,Male,37,84.1,145,119.2,196.3,84
1916,Male,37,84.1,145,119.2,196.3,84
1917,Male,37,84.1,145,119.2,196.3,84
1918,Male,37,84.1,145,119.2,196.3,84
1919,Male,37,84.1,145,119.2,196.3,84
1920,Male,37,84.1,145,119.2,196.3,84
1921,Male,37,84.1,145,119.2,196.3,84
1922,Male,37,84.1,145,119.2,196.3,84
1923,Male,37,84.1,145,119.2,196.3,84
1924,Male,37,84.1,145,119.2,196.3,84
1925,Male,37,84.1,145,119.2,196.3,84
1926,Male,37,84.1,145,119.2,196.3,84
1927,Male,37,84.1,145,119.2,196.3,84
1928,Male,37,84.1,145,119.2,196.3,84
1929,Male,37,84.1,145,119.2,196.3,84
1930,Male,37,84.1,145,119.2,196.3,84
1931,Male,37,84.1,145,119.2,196.3,84
1932,Male,37,84.1,145,119.2,196.3,84
1933,Male,37,84.1,145,119.2,196.3,84
1934,Male,37,84.1,145,119.2,196.3,84
1935,Male,37,84.1,145,119.2,196.3,84
1936,Male,37,84.1,145,119.2,196.3,84
1937,Male,37,84.1,145,119.2,196.3,84
1938,Male,37,84.1,145,119.2,196.3,84
1939,Male,37,84.1,145,119.2,196.3,84
1940,Male,37,84.1,145,119.2,196.3,84
1941,Male,37,84.1,145,119.2,196.3,84
1942,Male,37,84.1,145,119.2,196.3,84
1943,Male,37,84.1,145,119.2,196.3,84
1944,Male,37,84.1,145,119.2,196.3,84
1945,Male,37,84.1,145,119.2,196.3,84
1946,Male,37,84.1,145,119.2,196.3,84
1947,Male,37,84.1,145,119.2,196.3,84
1948,Male,37,84.1,145,119.2,196.3,84
1949,Male,37,84.1,145,119.2,196.3,84
1950,Male,37,84.1,145,119.2,196.3,84
1951,Male,37,84.1,145,119.2,196.3,84
1952,Male,37,84.1,145,119.2,196.3,84
1953,Male,37,84.1,145,119.2,196.3,84
1954,Male,37,84.1,145,119.2,196.3,84
1955,Male,37,84.1,145,119.2,196.3,84
1956,Male,37,84.1,145,119.2,196.3,84
1957,Male,37,84.1,145,119.2,196.3,84
1958,Male,37,84.1,145,119.2,196.3,84
1959,Male,37,84.1,145,119.2,196.3,84
1960,Male,37,84.1,145,119.2,196.3,84
1961,Male,37,84.1,145,119.2,196.3,84
1962,Male,37,84.1,145,119.2,196.3,84
1963,Male,37,84.1,145,119.2,196.3,84
1964,Male,37,84.1,145,119.2,196.3,84
1965,Male,37,84.1,145,119.2,196.3,84
1966,Male,37,84.1,145,119.2,196.3,84
1967,Male,37,84.1,145,119.2,196.3,84
1968,Male,37,84.1,145,119.2,196.3,84
1969,Male,37,84.1,145,119.2,196.3,84
1970,Male,37,84.1,145,119.2,196.3,84
1971,Male,37,84.1,145,119.2,196.3,84
1972,Male,37,84.1,145,119.2,196.3,84
1973,Male,37,84.1,145,119.2,196.3,84
1974,Male,37,84.1,145,119.2,196.3,84
1975,Male,37,84.1,145,119.2,196.3,84
1976,Male,37,84.1,145,119.2,196.3,84
1977,Male,37,84.1,145,119.2,196.3,84
1978,Male,37,84.1,145,119.2,196.3,84
1979,Male,37,84.1,145,119.2,196.3,84
1980,Male,37,84.1,145,119.2,196.3,84
1981,Male,37,84.1,145,119.2,196.3,84
1982,Male,37,84.1,145,119.2,196.3,84
1983,Male,37,84.1,145,119.2,196.3,84
1984,Male,37,84.1,145,119.2,196.3,84
1985,Male,37,84.1,145,119.2,196.3,84
1986,Male,37,84.1,145,119.2,196.3,84
1987,Male,37,84.1,145,119.2,196.3,84
1988,Male,37,84.1,145,119.2,196.3,84
1989,Male,37,84.1,145,119.2,196.3,84
1990,Male,37,84.1,145,119.2,196.3,84
1991,Male,37,84.1,145,119.2,196.3,84
1992,Male,37,84.1,145,119.2,196.3,84
1993,Male,37,84.1,145,119.2,196.3,84
1994,Male,37,84.1,145,119.2,196.3,84
1995,Male,37,84.1,145,119.2,196.3,84
1996,Male,37,84.1,145,119.2,196.3,84
1997,Male,37,84.1,145,119.2,196.3,84
1998,Male,37,84.1,145,119.2,196.3,84
1999,Male,37,84.1,145,119.2,196.3,84
2000,Male,37,84.1,145,119.2,196.3,84
2001,Male,37,84.1,145,119.2,196.3,84
2002,Male,37,84.1,145,119.2,196.3,84
2003,Male,37,84.1,145,119.2,196.3,84
2004,Male,37,84.1,145,119.2,196.3,84
2005,Male,37,84.1,145,119.2,196.3,84
2006,Male,37,84.1,145,119.2,196.3,84
2007,Male,37,84.1,145,119.2,196.3,84
2008,Male,37,84.1,145,119.2,196.3,84
2009,Male,37,84.1,145,119.2,196.3,84
2010,Male,37,84.1,145,119.2,196.3,84
2011,Male,37,84.1,145,119.2,196.3,84
2012,Male,37,84.1,145,119.2,196.3,84
2013,Male,37,84.1,145,119.2,196.3,84
2014,Male,37,84.1,145,119.2,196.3,84
2015,Male,37,84.1,145,119.2,196.3,84
2016,Male,37,84.1,145,119.2,196.3,84
2017,Male,37,84.1,145,119.2,196.3,84
2018,Male,37,84.1,145,119.2,196.3,84
2019,Male,37,84.1,145,119.2,196.3,84
2020,Male,37,84.1,145,119.2,196.3,84
2021,Male,37,84.1,145,119.2,196.3,84
2022,Male,37,84.1,145,119.2,196.3,84
2023,Male,37,84.1,145,119.2,196.3,84
2024,Male,37,84.1,145,119.2,196.3,84
2025,Male,37,84.1,145,119.2,196.3,84
2026,Male,37,84.1,145,119.2,196.3,84
2027,Male,37,84.1,145,119.2,196.3,84
2028,Male,37,84.1,145,119.2,196.3,84
2029,Male,37,84.1,145,119.2,196.3,84
2030,Male,37,84.1,145,119.2,196.3,84
2031,Male,37,84.1,145,119.2,196.3,84
2032,Male,37,84.1,145,119.2,196.3,84
2033,Male,37,84.1,145,119.2,196.3,84
2034,Male,37,84.1,145,119.2,196.3,84
2035,Male,37,84.1,145,119.2,196.3,84
2036,Male,37,84.1,145,119.2,196.3,84
2037,Male,37,84.1,145,119.2,196.3,84
2038,Male,37,84.1,145,119.2,196.3,84
2039,Male,37,84.1,145,119.2,196.3,84
2040,Male,37,84.1,145,119.2,196.3,84
2041,Male,37,84.1,145,119.2,196.3,84
2042,Male,37,84.1,145,119.2,196.3,84
2043,Male,37,84.1,145,119.2,196.3,84
2044,Male,37,84.1,145,119.2,196.3,84
2045,Male,37,84.1,145,119.2,196.3,84
2046,Male,37,84.1,145,119.2,196.3,84
2047,Male,37,84.1,145,119.2,196.3,84
2048,Male,37,84.1,145,119.2,196.3,84
2049,Male,37,84.1,145,119.2,196.3,84
2050,Male,37,84.1,145,119.2,196.3,84
2051,Male,37,84.1,145,119.2,196.3,84
2052,Male,37,84.1,145,119.2,196.3,84
2053,Male,37,84.1,145,119.2,196.3,84
2054,Male,37,84.1,145,119.2,196.3,84
2055,Male,37,84.1,145,119.2,196.3,84
2056,Male,37,84.1,145,119.2,196.3,84
2057,Male,37,84.1,145,119.2,196.3,84
2058,Male,37,84.1,145,119.2,196.3,84
2059,Male,37,84.1,145,119.2,196.3,84
2060,Male,37,84.1,145,119.2,196.3,84
2061,Male,37,84.1,145,119.2,196.3,84
2062,Male,37,84.1,145,119.2,196.3,84
2063,Male,37,84.1,145,119.2,196.3,84
2064,Male,37,84.1,145,119.2,196.3,84
2065,Male,37,84.1,145,119.2,196.3,84
2066,Male,37,84.1,145,119.2,196.3,84
2067,Male,37,84.1,145,119.2,196.3,84
2068,Male,37,84.1,145,119.2,196.3,84
2069,Male,37,84.1,145,119.2,196.3,84
2070,Male,37,84.1,145,119.2,196.3,84
2071,Male,37,84.1,145,119.2,196.3,84
2072,Male,37,84.1,145,119.2,196.3,84
2073,Male,37,84.1,145,119.2,196.3,84
2074,Male,37,84.1,145,119.2,196.3,84
2075,Male,37,84.1,145,119.2,196.3,84
2076,Male,37,84.1,145,119.2,196.3,84
2077,Male,37,84.1,145,119.2,196.3,84
2078,Male,37,84.1,145,119.2,196.3,84
2079,Male,37,84.1,145,119.2,196.3,84
2080,Male,37,84.1,145,119.2,196.3,84
2081,Male,37,84.1,145,119.2,196.3,84
2082,Male,740,1682,2900,2384,3926,1680
2083,Male,14800,33640,58000,47680,78520,33600
2084,Male,296000,672800,1160000,953600,1570400,672000
2085,Male,5920000,13456000,23200000,19072000,31408000,13440000
2086,Male,118400000,269120000,464000000,381440000,628160000,268800000
2087,Male,2368000000,5382400000,9280000000,7628800000,12563200000,5376000000
2088,Male,47360000000,1.07648E+11,1.856E+11,1.52576E+11,2.51264E+11,1.0752E+11
2089,Male,9.472E+11,2.15296E+12,3.712E+12,3.05152E+12,5.02528E+12,2.1504E+12
